{
	"pattrstorage" : 	{
		"name" : "blp",
		"slots" : 		{
			"1" : 			{
				"id" : 1,
				"data" : 				{
					"play-mode" : [ 2.0 ],
					"voices" : [ 8.0 ],
					"seldur" : [ 12194.541666666664241 ],
					"selstart" : [ 26425.0625 ],
					"fin" : [ 20.0 ],
					"fout" : [ 399.999999999999829 ],
					"pit" : [ 0.0 ],
					"tab-names" : [ 2 ],
					"crossfade" : [ 72.748429769172944 ],
					"gain" : [ 0.0 ],
					"LRout" : [ 0.0 ],
					"start0" : [ 1.0 ],
					"limi-on" : [ 0.0 ],
					"thresh" : [ -1.0 ],
					"preset-text" : [ "AllTogetherEnd1" ],
					"LBH-filter::BG" : [ 0.000000000000004 ],
					"LBH-filter::HG" : [ 0.000000000000004 ],
					"LBH-filter::LG" : [ 0.000000000000004 ],
					"LBH-filter::BF" : [ 1200.000000000000227 ],
					"LBH-filter::HF" : [ 1872.056315722757745 ],
					"LBH-filter::LF" : [ 120.000000000000085 ],
					"LBH-filter::BQ" : [ 1.0 ],
					"LBH-filter::HQ" : [ 0.999999999999999 ],
					"LBH-filter::LQ" : [ 0.999999999999999 ],
					"xmod8::mc-fader8" : [ 1.0, 1.0, 1.0, 1.0, 1.0, 1.0, 1.0, 1.0 ],
					"xmod8::mod-on" : [ 0.0 ],
					"xmod8::rslider" : [ 76, 99 ],
					"xmod8::sr-mix" : [ 48.818897637795352 ],
					"xmod8::mc.opx1a::numdev1" : [ 0.01 ],
					"xmod8::mc.opx1a::numdev2" : [ 0.02 ],
					"xmod8::mc.opx1a::numexp1" : [ 0.0 ],
					"xmod8::mc.opx1a::numexp2" : [ 0.1 ],
					"xmod8::mc.opx1a::numharm1" : [ 0.0 ],
					"xmod8::mc.opx1a::numharm2" : [ 0.1 ],
					"xmod8::mc.opx1a::numinc1" : [ 0.0 ],
					"xmod8::mc.opx1a::numinc2" : [ 0.1 ],
					"xmod8::mc.opx1a::numscalexp1" : [ 0.0 ],
					"xmod8::mc.opx1a::numscalexp2" : [ 0.1 ],
					"xmod8::mc.opx1a::numspread1" : [ 0.0 ],
					"xmod8::mc.opx1a::numspread2" : [ 0.1 ],
					"xmod8::mc.opx1a::numsubharm1" : [ 0.0 ],
					"xmod8::mc.opx1a::numsubharm2" : [ 0.1 ],
					"xmod8::mc.opx1a::operator" : [ 0 ],
					"volenv12::amt" : [ 100.0 ],
					"volenv12::amt[10]" : [ 100.0 ],
					"volenv12::amt[11]" : [ 100.0 ],
					"volenv12::amt[12]" : [ 100.0 ],
					"volenv12::amt[1]" : [ 100.0 ],
					"volenv12::amt[2]" : [ 100.0 ],
					"volenv12::amt[3]" : [ 100.0 ],
					"volenv12::amt[4]" : [ 100.0 ],
					"volenv12::amt[5]" : [ 100.0 ],
					"volenv12::amt[6]" : [ 100.0 ],
					"volenv12::amt[7]" : [ 100.0 ],
					"volenv12::amt[8]" : [ 100.0 ],
					"volenv12::amt[9]" : [ 100.0 ],
					"volenv12::env-name" : [ 0 ],
					"volenv12::lin-curv" : [ 1.0 ],
					"volenv12::live.button" : [ 0.0 ],
					"volenv12::maxval" : [ 12.0 ],
					"volenv12::maxval[10]" : [ 15.0 ],
					"volenv12::maxval[11]" : [ 2.0 ],
					"volenv12::maxval[12]" : [ 6.0 ],
					"volenv12::maxval[1]" : [ 5.0 ],
					"volenv12::maxval[2]" : [ 20.0 ],
					"volenv12::maxval[3]" : [ 100.0 ],
					"volenv12::maxval[4]" : [ 100.0 ],
					"volenv12::maxval[5]" : [ 15.0 ],
					"volenv12::maxval[6]" : [ 2.0 ],
					"volenv12::maxval[7]" : [ 2.0 ],
					"volenv12::maxval[8]" : [ 15.0 ],
					"volenv12::maxval[9]" : [ 2.0 ],
					"volenv12::minval" : [ -40.0 ],
					"volenv12::minval[10]" : [ -15.0 ],
					"volenv12::minval[11]" : [ -2.0 ],
					"volenv12::minval[12]" : [ -30.0 ],
					"volenv12::minval[1]" : [ 0.0 ],
					"volenv12::minval[2]" : [ 0.0 ],
					"volenv12::minval[3]" : [ -100.0 ],
					"volenv12::minval[4]" : [ -100.0 ],
					"volenv12::minval[5]" : [ -15.0 ],
					"volenv12::minval[6]" : [ -2.0 ],
					"volenv12::minval[7]" : [ -2.0 ],
					"volenv12::minval[8]" : [ -15.0 ],
					"volenv12::minval[9]" : [ -2.0 ],
					"volenv12::volenv" : [ 100.0, -40.0, 12.0, 0.0, -40.0, 0, 0.0, 38.589211618257259, -40.0, 0, 0.0, 50.0, 0.0, 0, 0.0, 61.410788381742741, -40.0, 0, 0.0, 100.0, -40.0, 0, 0.0, "curve" ],
					"volenv12::volenv[10]" : [ 100.0, -15.0, 15.0, 0.0, 0.0, 0, 0.0, 50.0, 0.0, 0, 0.0, 100.0, 0.0, 0, 0.0, "curve" ],
					"volenv12::volenv[11]" : [ 100.0, -2.0, 2.0, 0.0, 0.0, 0, 0.0, 50.0, 0.0, 0, 0.0, 100.0, 0.0, 0, 0.0, "curve" ],
					"volenv12::volenv[12]" : [ 100.0, -30.0, 6.0, 0.0, 0.0, 0, 0.0, 50.0, 0.0, 0, 0.0, 100.0, 0.0, 0, 0.0, "curve" ],
					"volenv12::volenv[1]" : [ 100.0, 0.0, 5.0, 0.0, 0.0, 0, 0.0, 50.0, 0.0, 0, 0.0, 100.0, 0.0, 0, 0.0, "curve" ],
					"volenv12::volenv[2]" : [ 100.0, 0.0, 20.0, 0.0, 0.0, 0, 0.0, 50.0, 0.0, 0, 0.0, 100.0, 0.0, 0, 0.0, "curve" ],
					"volenv12::volenv[3]" : [ 100.0, -100.0, 100.0, 0.0, 0.0, 0, 0.0, 50.0, 0.0, 0, 0.0, 100.0, 0.0, 0, 0.0, "curve" ],
					"volenv12::volenv[4]" : [ 100.0, -100.0, 100.0, 0.0, 0.0, 0, 0.0, 50.0, 0.0, 0, 0.0, 100.0, 0.0, 0, 0.0, "curve" ],
					"volenv12::volenv[5]" : [ 100.0, -15.0, 15.0, 0.0, 0.0, 0, 0.0, 50.0, 0.0, 0, 0.0, 100.0, 0.0, 0, 0.0, "curve" ],
					"volenv12::volenv[6]" : [ 100.0, -2.0, 2.0, 0.0, 0.0, 0, 0.0, 50.0, 0.0, 0, 0.0, 100.0, 0.0, 0, 0.0, "curve" ],
					"volenv12::volenv[7]" : [ 100.0, -2.0, 2.0, 0.0, 0.0, 0, 0.0, 50.0, 0.0, 0, 0.0, 100.0, 0.0, 0, 0.0, "curve" ],
					"volenv12::volenv[8]" : [ 100.0, -15.0, 15.0, 0.0, 0.0, 0, 0.0, 50.0, 0.0, 0, 0.0, 100.0, 0.0, 0, 0.0, "curve" ],
					"volenv12::volenv[9]" : [ 100.0, -2.0, 2.0, 0.0, 0.0, 0, 0.0, 50.0, 0.0, 0, 0.0, 100.0, 0.0, 0, 0.0, "curve" ],
					"disp::displ-len" : [ 19312.958333333332121 ],
					"disp::displ-start" : [ 23160.645833333332121 ],
					"det-pos-mod::numdev1" : [ 5.0 ],
					"det-pos-mod::numdev1[1]" : [ 100.0 ],
					"det-pos-mod::numdev1[2]" : [ 0.005 ],
					"det-pos-mod::numdev1[3]" : [ 0.059 ],
					"det-pos-mod::op-pit" : [ 0.0 ],
					"det-pos-mod::op-pos" : [ 1.0 ],
					"det-pos-mod::op-pos[1]" : [ 0.0 ],
					"det-pos-mod::pit-envsw" : [ 0.0 ],
					"det-pos-mod::pitmode" : [ 0.0 ],
					"det-pos-mod::pos-envsw" : [ 0.0 ],
					"det-pos-mod::umenu[1]" : [ "00sin.wav" ],
					"patcher::bp88-chmx::ch-matrix" : [ 0, 0, 1.0, 1, 1, 1.0, 2, 2, 1.0, 3, 3, 1.0, 4, 4, 1.0, 5, 5, 1.0, 6, 6, 1.0, 7, 7, 1.0 ],
					"patcher::bp88-chmx::dial-mode" : [ 0.0 ],
					"engine::pmode-scrambl::dir-pattern" : [ "3 3 3 3 3 3 3 3" ]
				}

			}

		}

	}

}
