{
	"pattrstorage" : 	{
		"name" : "blp",
		"slots" : 		{
			"1" : 			{
				"id" : 1,
				"data" : 				{
					"pit" : [ 0.0 ],
					"voices" : [ 8.0 ],
					"selstart" : [ 313061.083333333313931 ],
					"seldur" : [ 22101.375 ],
					"fin" : [ 95.799750808552616 ],
					"fout" : [ 95.799752398436084 ],
					"tab-names" : [ 0 ],
					"crossfade" : [ 4.999999999999998 ],
					"displ-len" : [ 345420.041666666627862 ],
					"displ-start" : [ 0.0 ],
					"gain" : [ 18.0 ],
					"play-mode" : [ 2.0 ],
					"start0" : [ 1.0 ],
					"vol" : [ -10.785891489591194 ],
					"limi-on" : [ 1.0 ],
					"thresh" : [ -1.0 ],
					"preset-text" : [ "bothsidesnow1" ],
					"LBH-filter::BG" : [ 0.000000000000004 ],
					"LBH-filter::HG" : [ 6.721983294437006 ],
					"LBH-filter::LG" : [ 0.000000000000004 ],
					"LBH-filter::BF" : [ 1200.0 ],
					"LBH-filter::HF" : [ 3200.0 ],
					"LBH-filter::LF" : [ 167.413504789507613 ],
					"LBH-filter::BQ" : [ 1.0 ],
					"LBH-filter::HQ" : [ 1.0 ],
					"LBH-filter::LQ" : [ 1.173767698716501 ],
					"xmod8::mc-fader8" : [ 1.0, 1.0, 1.0, 1.0, 1.0, 1.0, 1.0, 1.0 ],
					"xmod8::mod-on" : [ 1.0 ],
					"xmod8::mod-range" : [ 41.473684705855781 ],
					"xmod8::number" : [ 0.0 ],
					"xmod8::number[1]" : [ 0.0 ],
					"xmod8::sr-mix" : [ 11.811023622047289 ],
					"xmod8::mc.opx1a::numdev1" : [ 0.33 ],
					"xmod8::mc.opx1a::numdev2" : [ 0.017 ],
					"xmod8::mc.opx1a::numexp1" : [ 0.01 ],
					"xmod8::mc.opx1a::numexp2" : [ 0.0 ],
					"xmod8::mc.opx1a::numharm1" : [ 0.01 ],
					"xmod8::mc.opx1a::numharm2" : [ 0.0 ],
					"xmod8::mc.opx1a::numinc1" : [ 0.025 ],
					"xmod8::mc.opx1a::numinc2" : [ 0.03 ],
					"xmod8::mc.opx1a::numscalexp1" : [ 0.01 ],
					"xmod8::mc.opx1a::numscalexp2" : [ 0.0 ],
					"xmod8::mc.opx1a::numspread1" : [ 0.01 ],
					"xmod8::mc.opx1a::numspread2" : [ 0.0 ],
					"xmod8::mc.opx1a::numsubharm1" : [ 0.01 ],
					"xmod8::mc.opx1a::numsubharm2" : [ 0.0 ],
					"xmod8::mc.opx1a::operator" : [ 1 ],
					"engine::pmode-scrambl::dir-pattern" : [ "3 3 3 3 3 3 3 3" ],
					"volenv12::amt" : [ 100.0 ],
					"volenv12::amt[10]" : [ 100.0 ],
					"volenv12::amt[11]" : [ 100.0 ],
					"volenv12::amt[12]" : [ 100.0 ],
					"volenv12::amt[1]" : [ 100.0 ],
					"volenv12::amt[2]" : [ 100.0 ],
					"volenv12::amt[3]" : [ 100.0 ],
					"volenv12::amt[4]" : [ 100.0 ],
					"volenv12::amt[5]" : [ 100.0 ],
					"volenv12::amt[6]" : [ 100.0 ],
					"volenv12::amt[7]" : [ 100.0 ],
					"volenv12::amt[8]" : [ 100.0 ],
					"volenv12::amt[9]" : [ 100.0 ],
					"volenv12::env-name" : [ 0 ],
					"volenv12::lin-curv" : [ 1.0 ],
					"volenv12::live.button" : [ 0.0 ],
					"volenv12::maxval" : [ 20.0 ],
					"volenv12::maxval[10]" : [ 20.0 ],
					"volenv12::maxval[11]" : [ 1.0 ],
					"volenv12::maxval[12]" : [ 100.0 ],
					"volenv12::maxval[1]" : [ 2.0 ],
					"volenv12::maxval[2]" : [ 10.0 ],
					"volenv12::maxval[3]" : [ 1200.0 ],
					"volenv12::maxval[4]" : [ 300.0 ],
					"volenv12::maxval[5]" : [ 20.0 ],
					"volenv12::maxval[6]" : [ 1.0 ],
					"volenv12::maxval[7]" : [ 15.0 ],
					"volenv12::maxval[8]" : [ 10.0 ],
					"volenv12::maxval[9]" : [ 1.0 ],
					"volenv12::minval" : [ -20.0 ],
					"volenv12::minval[10]" : [ -20.0 ],
					"volenv12::minval[11]" : [ -1.0 ],
					"volenv12::minval[12]" : [ -100.0 ],
					"volenv12::minval[1]" : [ -2.0 ],
					"volenv12::minval[2]" : [ 0.0 ],
					"volenv12::minval[3]" : [ -1200.0 ],
					"volenv12::minval[4]" : [ -300.0 ],
					"volenv12::minval[5]" : [ -20.0 ],
					"volenv12::minval[6]" : [ -1.0 ],
					"volenv12::minval[7]" : [ -15.0 ],
					"volenv12::minval[8]" : [ -10.0 ],
					"volenv12::minval[9]" : [ -1.0 ],
					"volenv12::volenv" : [ 100.0, -20.0, 20.0, 0.0, -20.0, 0, 7.053941908713693, -20.0, 0, 8.091286307053942, 0.487804878048781, 0, 50.0, 0.0, 0, 100.0, 0.0, 0, "linear" ],
					"volenv12::volenv[10]" : [ 100.0, -20.0, 20.0, 0.0, 0.0, 0, 50.0, 0.0, 0, 100.0, 0.0, 0, "linear" ],
					"volenv12::volenv[11]" : [ 100.0, -1.0, 1.0, 0.0, 0.0, 0, 50.0, 0.0, 0, 100.0, 0.0, 0, "linear" ],
					"volenv12::volenv[12]" : [ 100.0, -100.0, 100.0, 0.0, 0.0, 0, 50.0, 0.0, 0, 100.0, 0.0, 0, "linear" ],
					"volenv12::volenv[1]" : [ 100.0, -2.0, 2.0, 0.0, 0.0, 0, 50.0, 0.0, 0, 100.0, 0.0, 0, "linear" ],
					"volenv12::volenv[2]" : [ 100.0, 0.0, 10.0, 0.0, 0.0, 0, 50.0, 0.0, 0, 100.0, 0.0, 0, "linear" ],
					"volenv12::volenv[3]" : [ 100.0, -1200.0, 1200.0, 0.0, 0.0, 0, 50.0, 0.0, 0, 100.0, 0.0, 0, "linear" ],
					"volenv12::volenv[4]" : [ 100.0, -300.0, 300.0, 0.0, 0.0, 0, 0.0, 300.0, 0, 6.639004149377594, 300.0, 0, 6.639004149377594, 0.0, 0, 50.0, 0.0, 0, 100.0, 0.0, 0, "linear" ],
					"volenv12::volenv[5]" : [ 100.0, -20.0, 20.0, 0.0, 0.0, 0, 50.0, 0.0, 0, 100.0, 0.0, 0, "linear" ],
					"volenv12::volenv[6]" : [ 100.0, -1.0, 1.0, 0.0, 0.0, 0, 50.0, 0.0, 0, 100.0, 0.0, 0, "linear" ],
					"volenv12::volenv[7]" : [ 100.0, -15.0, 15.0, 0.0, 0.0, 0, 50.0, 0.0, 0, 100.0, 0.0, 0, "linear" ],
					"volenv12::volenv[8]" : [ 100.0, -10.0, 10.0, 0.0, 0.0, 0, 50.0, 0.0, 0, 100.0, 0.0, 0, "linear" ],
					"volenv12::volenv[9]" : [ 100.0, -1.0, 1.0, 0.0, 0.0, 0, 50.0, 0.0, 0, 100.0, 0.0, 0, "linear" ],
					"det-pos-mod::numdev1" : [ 70.0 ],
					"det-pos-mod::numdev1[1]" : [ 26.0 ],
					"det-pos-mod::numdev1[2]" : [ 0.005 ],
					"det-pos-mod::numdev1[3]" : [ 0.05 ],
					"det-pos-mod::op-pit" : [ 0.0 ],
					"det-pos-mod::op-pos" : [ 0.0 ],
					"det-pos-mod::op-pos[1]" : [ 0.0 ],
					"det-pos-mod::pit-envsw" : [ 0.0 ],
					"det-pos-mod::pitmode" : [ 0.0 ],
					"det-pos-mod::pos-envsw" : [ 0.0 ],
					"det-pos-mod::umenu[1]" : [ "00sin.wav" ],
					"patcher::bp88-chmx::ch-matrix" : [ 0, 0, 1.0, 1, 1, 1.0, 2, 2, 1.0, 3, 3, 1.0, 4, 4, 1.0, 5, 5, 1.0, 6, 6, 1.0, 7, 7, 1.0 ],
					"patcher::bp88-chmx::dial-mode" : [ 0.0 ]
				}

			}
,
			"2" : 			{
				"id" : 2,
				"data" : 				{
					"pit" : [ -12.0 ],
					"voices" : [ 8.0 ],
					"selstart" : [ 313066.020833333313931 ],
					"seldur" : [ 22096.479166666686069 ],
					"fin" : [ 95.799750808552616 ],
					"fout" : [ 95.799752398436084 ],
					"tab-names" : [ 0 ],
					"crossfade" : [ 4.999999999999998 ],
					"displ-len" : [ 345420.041666666627862 ],
					"displ-start" : [ 0.0 ],
					"gain" : [ 18.0 ],
					"play-mode" : [ 2.0 ],
					"start0" : [ 1.0 ],
					"vol" : [ -6.358968827526702 ],
					"limi-on" : [ 1.0 ],
					"thresh" : [ -1.0 ],
					"preset-text" : [ "bothsidesnow2" ],
					"LBH-filter::BG" : [ 3.239471404178012 ],
					"LBH-filter::HG" : [ 7.761626780934037 ],
					"LBH-filter::LG" : [ -6.855445672176852 ],
					"LBH-filter::BF" : [ 1200.0 ],
					"LBH-filter::HF" : [ 2170.595649898894408 ],
					"LBH-filter::LF" : [ 167.413504789507613 ],
					"LBH-filter::BQ" : [ 1.0 ],
					"LBH-filter::HQ" : [ 1.0 ],
					"LBH-filter::LQ" : [ 1.173767698716501 ],
					"xmod8::mc-fader8" : [ 1.0, 1.0, 1.0, 1.0, 1.0, 1.0, 1.0, 1.0 ],
					"xmod8::mod-on" : [ 1.0 ],
					"xmod8::mod-range" : [ 41.473684705855781 ],
					"xmod8::number" : [ 0.0 ],
					"xmod8::number[1]" : [ 0.0 ],
					"xmod8::sr-mix" : [ 11.811023622047289 ],
					"xmod8::mc.opx1a::numdev1" : [ 0.33 ],
					"xmod8::mc.opx1a::numdev2" : [ 0.017 ],
					"xmod8::mc.opx1a::numexp1" : [ 0.01 ],
					"xmod8::mc.opx1a::numexp2" : [ 0.0 ],
					"xmod8::mc.opx1a::numharm1" : [ 0.01 ],
					"xmod8::mc.opx1a::numharm2" : [ 0.0 ],
					"xmod8::mc.opx1a::numinc1" : [ 0.025 ],
					"xmod8::mc.opx1a::numinc2" : [ 0.03 ],
					"xmod8::mc.opx1a::numscalexp1" : [ 0.01 ],
					"xmod8::mc.opx1a::numscalexp2" : [ 0.0 ],
					"xmod8::mc.opx1a::numspread1" : [ 0.01 ],
					"xmod8::mc.opx1a::numspread2" : [ 0.0 ],
					"xmod8::mc.opx1a::numsubharm1" : [ 0.01 ],
					"xmod8::mc.opx1a::numsubharm2" : [ 0.0 ],
					"xmod8::mc.opx1a::operator" : [ 1 ],