{
	"pattrstorage" : 	{
		"name" : "blp",
		"slots" : 		{
			"1" : 			{
				"id" : 1,
				"data" : 				{
					"pit" : [ -24.0 ],
					"play-mode" : [ 2.0 ],
					"voices" : [ 8.0 ],
					"selstart" : [ 1045.958333333333258 ],
					"seldur" : [ 2861.60416666666697 ],
					"fin" : [ 279.306793173789515 ],
					"fout" : [ 148.156031709881546 ],
					"tab-names" : [ 0 ],
					"crossfade" : [ 1.248943839558563 ],
					"gain" : [ 7.0 ],
					"LRout" : [ 2.0 ],
					"start0" : [ 1.0 ],
					"vol" : [ -0.227332422435282 ],
					"limi-on" : [ 1.0 ],
					"thresh" : [ -1.0 ],
					"preset-text" : [ "Josquin1" ],
					"LBH-filter::BG" : [ -9.261635409791529 ],
					"LBH-filter::HG" : [ 20.0 ],
					"LBH-filter::LG" : [ 0.000000000000004 ],
					"LBH-filter::BF" : [ 715.016459102225781 ],
					"LBH-filter::HF" : [ 1341.870821156828015 ],
					"LBH-filter::LF" : [ 394.109879582763654 ],
					"LBH-filter::BQ" : [ 1.220200861474035 ],
					"LBH-filter::HQ" : [ 1.0 ],
					"LBH-filter::LQ" : [ 1.0 ],
					"xmod8::mc-fader8" : [ 1.0, 1.0, 1.0, 1.0, 1.0, 1.0, 1.0, 1.0 ],
					"xmod8::mod-on" : [ 0.0 ],
					"xmod8::mod-range" : [ 0.0 ],
					"xmod8::number" : [ 0.0 ],
					"xmod8::number[1]" : [ 0.0 ],
					"xmod8::sr-mix" : [ 11.811023622047289 ],
					"xmod8::mc.opx1a::numdev1" : [ 0.33 ],
					"xmod8::mc.opx1a::numdev2" : [ 0.017 ],
					"xmod8::mc.opx1a::numexp1" : [ 0.01 ],
					"xmod8::mc.opx1a::numexp2" : [ 0.0 ],
					"xmod8::mc.opx1a::numharm1" : [ 0.01 ],
					"xmod8::mc.opx1a::numharm2" : [ 0.0 ],
					"xmod8::mc.opx1a::numinc1" : [ 0.025 ],
					"xmod8::mc.opx1a::numinc2" : [ 0.03 ],
					"xmod8::mc.opx1a::numscalexp1" : [ 0.01 ],
					"xmod8::mc.opx1a::numscalexp2" : [ 0.0 ],
					"xmod8::mc.opx1a::numspread1" : [ 0.01 ],
					"xmod8::mc.opx1a::numspread2" : [ 0.0 ],
					"xmod8::mc.opx1a::numsubharm1" : [ 0.01 ],
					"xmod8::mc.opx1a::numsubharm2" : [ 0.0 ],
					"xmod8::mc.opx1a::operator" : [ 1 ],
					"volenv12::amt" : [ 100.0 ],
					"volenv12::amt[10]" : [ 100.0 ],
					"volenv12::amt[11]" : [ 100.0 ],
					"volenv12::amt[12]" : [ 100.0 ],
					"volenv12::amt[1]" : [ 100.0 ],
					"volenv12::amt[2]" : [ 100.0 ],
					"volenv12::amt[3]" : [ 100.0 ],
					"volenv12::amt[4]" : [ 100.0 ],
					"volenv12::amt[5]" : [ 100.0 ],
					"volenv12::amt[6]" : [ 100.0 ],
					"volenv12::amt[7]" : [ 100.0 ],
					"volenv12::amt[8]" : [ 100.0 ],
					"volenv12::amt[9]" : [ 100.0 ],
					"volenv12::env-name" : [ 0 ],
					"volenv12::lin-curv" : [ 1.0 ],
					"volenv12::live.button" : [ 0.0 ],
					"volenv12::maxval" : [ 12.0 ],
					"volenv12::maxval[10]" : [ 30.0 ],
					"volenv12::maxval[11]" : [ 2.0 ],
					"volenv12::maxval[12]" : [ 100.0 ],
					"volenv12::maxval[1]" : [ 5.0 ],
					"volenv12::maxval[2]" : [ 20.0 ],
					"volenv12::maxval[3]" : [ 20.0 ],
					"volenv12::maxval[4]" : [ 100.0 ],
					"volenv12::maxval[5]" : [ 2.0 ],
					"volenv12::maxval[6]" : [ 1.0 ],
					"volenv12::maxval[7]" : [ 15.0 ],
					"volenv12::maxval[8]" : [ 10.0 ],
					"volenv12::maxval[9]" : [ 1.0 ],
					"volenv12::minval" : [ -12.0 ],
					"volenv12::minval[10]" : [ -30.0 ],
					"volenv12::minval[11]" : [ -2.0 ],
					"volenv12::minval[12]" : [ -100.0 ],
					"volenv12::minval[1]" : [ -5.0 ],
					"volenv12::minval[2]" : [ 0.0 ],
					"volenv12::minval[3]" : [ -20.0 ],
					"volenv12::minval[4]" : [ 0.0 ],
					"volenv12::minval[5]" : [ -2.0 ],
					"volenv12::minval[6]" : [ -1.0 ],
					"volenv12::minval[7]" : [ -15.0 ],
					"volenv12::minval[8]" : [ -10.0 ],
					"volenv12::minval[9]" : [ -1.0 ],
					"volenv12::volenv" : [ 100.0, -12.0, 12.0, 0.0, 0.0, 0, 34.117106382282941, 0.422763312735208, 0, 68.46473029045643, -0.292682926829269, 0, 100.0, -0.585365853658537, 0, "linear" ],
					"volenv12::volenv[10]" : [ 100.0, -30.0, 30.0, 0.0, 0.0, 0, 50.0, 0.0, 0, 100.0, 0.0, 0, "linear" ],
					"volenv12::volenv[11]" : [ 100.0, -2.0, 2.0, 0.0, 0.0, 0, 50.0, 0.0, 0, 100.0, 0.0, 0, "linear" ],
					"volenv12::volenv[12]" : [ 100.0, -100.0, 100.0, 0.0, 0.0, 0, 50.0, 0.0, 0, 100.0, 0.0, 0, "linear" ],
					"volenv12::volenv[1]" : [ 100.0, -5.0, 5.0, 0.0, 0.0, 0, 50.0, 0.0, 0, 100.0, 0.0, 0, "linear" ],
					"volenv12::volenv[2]" : [ 100.0, 0.0, 20.0, 0.0, 0.0, 0, 50.0, 0.0, 0, 100.0, 0.0, 0, "linear" ],
					"volenv12::volenv[3]" : [ 100.0, -20.0, 20.0, 0.0, 0.0, 0, 50.0, 0.0, 0, 100.0, 0.0, 0, "linear" ],
					"volenv12::volenv[4]" : [ 100.0, 0.0, 100.0, 0.0, 0.0, 0, 50.0, 0.0, 0, 100.0, 0.0, 0, "linear" ],
					"volenv12::volenv[5]" : [ 100.0, -2.0, 2.0, 0.0, 0.0, 0, 50.0, 0.0, 0, 100.0, 0.0, 0, "linear" ],
					"volenv12::volenv[6]" : [ 100.0, -1.0, 1.0, 0.0, 0.0, 0, 50.0, 0.0, 0, 100.0, 0.0, 0, "linear" ],
					"volenv12::volenv[7]" : [ 100.0, -15.0, 15.0, 0.0, 0.0, 0, 50.0, 0.0, 0, 100.0, 0.0, 0, "linear" ],
					"volenv12::volenv[8]" : [ 100.0, -10.0, 10.0, 0.0, 0.0, 0, 50.0, 0.0, 0, 100.0, 0.0, 0, "linear" ],
					"volenv12::volenv[9]" : [ 100.0, -1.0, 1.0, 0.0, 0.0, 0, 50.0, 0.0, 0, 100.0, 0.0, 0, "linear" ],
					"disp::displ-len" : [ 21313.958333333332121 ],
					"disp::displ-start" : [ 0.0 ],
					"det-pos-mod::numdev1" : [ 75.0 ],
					"det-pos-mod::numdev1[1]" : [ 26.0 ],
					"det-pos-mod::numdev1[2]" : [ 0.005 ],
					"det-pos-mod::numdev1[3]" : [ 0.05 ],
					"det-pos-mod::op-pit" : [ 0.0 ],
					"det-pos-mod::op-pos" : [ 0.0 ],
					"det-pos-mod::op-pos[1]" : [ 0.0 ],
					"det-pos-mod::pit-envsw" : [ 0.0 ],
					"det-pos-mod::pitmode" : [ 0.0 ],
					"det-pos-mod::pos-envsw" : [ 0.0 ],
					"det-pos-mod::umenu[1]" : [ "00sin.wav" ],
					"patcher::bp88-chmx::ch-matrix" : [ 0, 0, 1.0, 1, 1, 1.0, 2, 2, 1.0, 3, 3, 1.0, 4, 4, 1.0, 5, 5, 1.0, 6, 6, 1.0, 7, 7, 1.0 ],
					"patcher::bp88-chmx::dial-mode" : [ 0.0 ],
					"engine::pmode-scrambl::dir-pattern" : [ "3 3 3 3 3 3 3 3" ]
				}

			}
,
			"2" : 			{
				"id" : 2,
				"data" : 				{
					"pit" : [ -12.0 ],
					"play-mode" : [ 2.0 ],
					"voices" : [ 8.0 ],
					"selstart" : [ 0.0 ],
					"seldur" : [ 3996.354166666666515 ],
					"fin" : [ 95.799750808552616 ],
					"fout" : [ 95.799752398436084 ],
					"tab-names" : [ 0 ],
					"crossfade" : [ 89.935393554561486 ],
					"gain" : [ 4.0 ],
					"LRout" : [ 2.0 ],
					"start0" : [ 0.0 ],
					"vol" : [ 0.0 ],
					"limi-on" : [ 0.0 ],
					"thresh" : [ -1.0 ],
					"preset-text" : [ "Josquin2" ],
					"LBH-filter::BG" : [ 0.000000000000004 ],
					"LBH-filter::HG" : [ 15.712071424142827 ],
					"LBH-filter::LG" : [ 4.209674751794775 ],
					"LBH-filter::BF" : [ 1273.033525824792605 ],
					"LBH-filter::HF" : [ 2275.063811201043791 ],
					"LBH-filter::LF" : [ 251.161910053481932 ],
					"LBH-filter::BQ" : [ 6.732838503216717 ],
					"LBH-filter::HQ" : [ 1.0 ],
					"LBH-filter::LQ" : [ 1.0 ],
					"xmod8::mc-fader8" : [ 1.0, 1.0, 1.0, 1.0, 1.0, 1.0, 1.0, 1.0 ],
					"xmod8::mod-on" : [ 1.0 ],
					"xmod8::mod-range" : [  ],
					"xmod8::number" : [  ],
					"xmod8::number[1]" : [  ],
					"xmod8::sr-mix" : [ 18.11023622047248 ],
					"xmod8::mc.opx1a::numdev1" : [ 0.33 ],
					"xmod8::mc.opx1a::numdev2" : [ 0.017 ],
					"xmod8::mc.opx1a::numexp1" : [ 0.01 ],
					"xmod8::mc.opx1a::numexp2" : [ 0.0 ],
					"xmod8::mc.opx1a::numharm1" : [ 0.01 ],
					"xmod8::mc.opx1a::numharm2" : [ 0.0 ],
					"xmod8::mc.opx1a::numinc1" : [ 0.025 ],
					"xmod8::mc.opx1a::numinc2" : [ 0.03 ],
					"xmod8::mc.opx1a::numscalexp1" : [ 0.01 ],
					"xmod8::mc.opx1a::numscalexp2" : [ 0.0 ],
					"xmod8::mc.opx1a::numspread1" : [ 0.01 ],
					"xmod8::mc.opx1a::numspread2" : [ 0.0 ],
					"xmod8::mc.opx1a::numsubharm1" : [ 0.01 ],
					"xmod8::mc.opx1a::numsubharm2" : [ 0.0 ],
					"xmod8::mc.opx1a::operator" : [ 1 ],
					"volenv12::amt" : [ 100.0 ],
					"volenv12::amt[10]" : [ 100.0 ],
					"volenv12::amt[11]" : [ 100.0 ],
					"volenv12::amt[12]" : [ 100.0 ],
					"volenv12::amt[1]" : [ 100.0 ],