{
	"pattrstorage" : 	{
		"name" : "blp",
		"slots" : 		{
			"1" : 			{
				"id" : 1,
				"data" : 				{
					"play-mode" : [ 3.0 ],
					"voices" : [ 8.0 ],
					"vol" : [ 0.0 ],
					"seldur" : [ 9009.66666666666606 ],
					"selstart" : [ 841.0625 ],
					"fin" : [ 95.799750808552616 ],
					"fout" : [ 95.799752398436084 ],
					"pit" : [ 0.0 ],
					"tab-names" : [ 0 ],
					"crossfade" : [ 89.935393554561486 ],
					"gain" : [ 0.0 ],
					"LRout" : [ 2.0 ],
					"start0" : [ 1.0 ],
					"limi-on" : [ 0.0 ],
					"thresh" : [ -1.0 ],
					"preset-text" : [ "MozartKyrie1" ],
					"LBH-filter::BG" : [ 0.000000000000004 ],
					"LBH-filter::HG" : [ 6.209601566068521 ],
					"LBH-filter::LG" : [ -5.29605059210121 ],
					"LBH-filter::BF" : [ 820.534239004804249 ],
					"LBH-filter::HF" : [ 1037.964323880546544 ],
					"LBH-filter::LF" : [ 251.161910053481932 ],
					"LBH-filter::BQ" : [ 2.867105134150852 ],
					"LBH-filter::HQ" : [ 1.0 ],
					"LBH-filter::LQ" : [ 1.0 ],
					"xmod8::mc-fader8" : [ 1.0, 1.0, 1.0, 1.0, 1.0, 1.0, 1.0, 1.0 ],
					"xmod8::mod-on" : [ 1.0 ],
					"xmod8::rslider" : [ 59, 99 ],
					"xmod8::sr-mix" : [ 18.11023622047248 ],
					"xmod8::mc.opx1a::numdev1" : [ 0.33 ],
					"xmod8::mc.opx1a::numdev2" : [ 0.017 ],
					"xmod8::mc.opx1a::numexp1" : [ 0.01 ],
					"xmod8::mc.opx1a::numexp2" : [ 0.0 ],
					"xmod8::mc.opx1a::numharm1" : [ 0.01 ],
					"xmod8::mc.opx1a::numharm2" : [ 0.0 ],
					"xmod8::mc.opx1a::numinc1" : [ 0.025 ],
					"xmod8::mc.opx1a::numinc2" : [ 0.03 ],
					"xmod8::mc.opx1a::numscalexp1" : [ 0.01 ],
					"xmod8::mc.opx1a::numscalexp2" : [ 0.0 ],
					"xmod8::mc.opx1a::numspread1" : [ 0.01 ],
					"xmod8::mc.opx1a::numspread2" : [ 0.0 ],
					"xmod8::mc.opx1a::numsubharm1" : [ 0.01 ],
					"xmod8::mc.opx1a::numsubharm2" : [ 0.0 ],
					"xmod8::mc.opx1a::operator" : [ 1 ],
					"volenv12::amt" : [ 100.0 ],
					"volenv12::amt[10]" : [ 100.0 ],
					"volenv12::amt[11]" : [ 100.0 ],
					"volenv12::amt[12]" : [ 100.0 ],
					"volenv12::amt[1]" : [ 100.0 ],
					"volenv12::amt[2]" : [ 100.0 ],
					"volenv12::amt[3]" : [ 100.0 ],
					"volenv12::amt[4]" : [ 100.0 ],
					"volenv12::amt[5]" : [ 100.0 ],
					"volenv12::amt[6]" : [ 100.0 ],
					"volenv12::amt[7]" : [ 100.0 ],
					"volenv12::amt[8]" : [ 100.0 ],
					"volenv12::amt[9]" : [ 100.0 ],
					"volenv12::env-name" : [ 0 ],
					"volenv12::lin-curv" : [ 1.0 ],
					"volenv12::live.button" : [ 0.0 ],
					"volenv12::maxval" : [ 20.0 ],
					"volenv12::maxval[10]" : [ 10.0 ],
					"volenv12::maxval[11]" : [ 1.0 ],
					"volenv12::maxval[12]" : [ 100.0 ],
					"volenv12::maxval[1]" : [ 10.0 ],
					"volenv12::maxval[2]" : [ 100.0 ],
					"volenv12::maxval[3]" : [ 20.0 ],
					"volenv12::maxval[4]" : [ 200.0 ],
					"volenv12::maxval[5]" : [ 2.0 ],
					"volenv12::maxval[6]" : [ 1.0 ],
					"volenv12::maxval[7]" : [ 15.0 ],
					"volenv12::maxval[8]" : [ 10.0 ],
					"volenv12::maxval[9]" : [ 1.0 ],
					"volenv12::minval" : [ -20.0 ],
					"volenv12::minval[10]" : [ -20.0 ],
					"volenv12::minval[11]" : [ -1.0 ],
					"volenv12::minval[12]" : [ -100.0 ],
					"volenv12::minval[1]" : [ 0.0 ],
					"volenv12::minval[2]" : [ 0.0 ],
					"volenv12::minval[3]" : [ -20.0 ],
					"volenv12::minval[4]" : [ -200.0 ],
					"volenv12::minval[5]" : [ -2.0 ],
					"volenv12::minval[6]" : [ -1.0 ],
					"volenv12::minval[7]" : [ -15.0 ],
					"volenv12::minval[8]" : [ -10.0 ],
					"volenv12::minval[9]" : [ -1.0 ],
					"volenv12::volenv" : [ 100.0, -20.0, 20.0, 0.0, -7.317073170731707, 0, 0.0, 24.481327800829874, 0.487804878048781, 0, 0.0, 38.589211618257259, 2.439024390243901, 0, 0.0, 45.643153526970956, -2.439024390243901, 0, 0.0, 50.207468879668049, -13.170731707317074, 0, 0.0, 56.639004149377591, -3.414634146341463, 0, 0.0, 63.278008298755189, -0.487804878048781, 0, 0.0, 78.838174273858925, -0.487804878048781, 0, 0.0, 100.0, -3.414634146341463, 0, 0.0, "curve" ],
					"volenv12::volenv[10]" : [ 100.0, -20.0, 10.0, 0.0, 0.0, 0, 0.0, 50.0, 0.0, 0, 0.0, 100.0, 0.0, 0, 0.0, "curve" ],
					"volenv12::volenv[11]" : [ 100.0, -1.0, 1.0, 0.0, -1.0, 0, 0.0, 24.688796680497926, -0.024390243902439, 0, 0.0, 50.0, 0.0, 0, 0.0, 100.0, 0.0, 0, 0.0, "curve" ],
					"volenv12::volenv[12]" : [ 100.0, -100.0, 100.0, 0.0, 0.0, 0, 0.0, 50.0, 0.0, 0, 0.0, 100.0, 0.0, 0, 0.0, "curve" ],
					"volenv12::volenv[1]" : [ 100.0, 0.0, 10.0, 0.0, 0.0, 0, 0.0, 50.0, 4.634146341463414, 0, 0.0, 100.0, 10.0, 0, 0.0, "curve" ],
					"volenv12::volenv[2]" : [ 100.0, 0.0, 100.0, 0.0, 0.0, 0, 0.0, 0.0, 37.804878048780488, 0, 0.0, 50.0, 0.0, 0, 0.0, 100.0, 0.0, 0, 0.0, "curve" ],
					"volenv12::volenv[3]" : [ 100.0, -20.0, 20.0, 0.0, 0.0, 0, 0.0, 50.0, 0.0, 0, 0.0, 100.0, 0.0, 0, 0.0, "curve" ],
					"volenv12::volenv[4]" : [ 100.0, -200.0, 200.0, 0.0, 0.0, 0, 0.0, 50.0, 0.0, 0, 0.0, 100.0, 0.0, 0, 0.0, "curve" ],
					"volenv12::volenv[5]" : [ 100.0, -2.0, 2.0, 0.0, 0.0, 0, 0.0, 50.0, 0.0, 0, 0.0, 100.0, 0.0, 0, 0.0, "curve" ],
					"volenv12::volenv[6]" : [ 100.0, -1.0, 1.0, 0.0, 0.0, 0, 0.0, 50.0, 0.0, 0, 0.0, 100.0, 0.0, 0, 0.0, "curve" ],
					"volenv12::volenv[7]" : [ 100.0, -15.0, 15.0, 0.0, 0.0, 0, 0.0, 50.0, 0.0, 0, 0.0, 100.0, 0.0, 0, 0.0, "curve" ],
					"volenv12::volenv[8]" : [ 100.0, -10.0, 10.0, 0.0, 0.0, 0, 0.0, 50.0, 0.0, 0, 0.0, 100.0, 0.0, 0, 0.0, "curve" ],
					"volenv12::volenv[9]" : [ 100.0, -1.0, 1.0, 0.0, 0.0, 0, 0.0, 50.0, 0.0, 0, 0.0, 100.0, 0.0, 0, 0.0, "curve" ],
					"disp::displ-len" : [ 16082.833333333332121 ],
					"disp::displ-start" : [ 0.0 ],
					"det-pos-mod::numdev1" : [ 2.4 ],
					"det-pos-mod::numdev1[1]" : [ 26.0 ],
					"det-pos-mod::numdev1[2]" : [ 0.005 ],
					"det-pos-mod::numdev1[3]" : [ 0.05 ],
					"det-pos-mod::op-pit" : [ 2.0 ],
					"det-pos-mod::op-pos" : [ 0.0 ],
					"det-pos-mod::op-pos[1]" : [ 0.0 ],
					"det-pos-mod::pit-envsw" : [ 0.0 ],
					"det-pos-mod::pitmode" : [ 0.0 ],
					"det-pos-mod::pos-envsw" : [ 0.0 ],
					"det-pos-mod::umenu[1]" : [ "00sin.wav" ],
					"patcher::bp88-chmx::ch-matrix" : [ 0, 0, 1.0, 1, 1, 1.0, 2, 2, 1.0, 3, 3, 1.0, 4, 4, 1.0, 5, 5, 1.0, 6, 6, 1.0, 7, 7, 1.0 ],
					"patcher::bp88-chmx::dial-mode" : [ 0.0 ],
					"engine::pmode-scrambl::dir-pattern" : [ "2 1 1 1 1 2 1 2" ]
				}

			}

		}

	}

}
