{
	"pattrstorage" : 	{
		"name" : "blp",
		"slots" : 		{
			"1" : 			{
				"id" : 1,
				"data" : 				{
					"pit" : [ -24.0 ],
					"play-mode" : [ 0.0 ],
					"voices" : [ 8.0 ],
					"selstart" : [ 24993.229166666664241 ],
					"seldur" : [ 17260.520833333335759 ],
					"fin" : [ 20.0 ],
					"fout" : [ 399.999999999999829 ],
					"tab-names" : [ 0 ],
					"crossfade" : [ 1.0 ],
					"gain" : [ 0.0 ],
					"start0" : [ 1.0 ],
					"vol" : [ -5.998489914788053 ],
					"limi-on" : [ 0.0 ],
					"thresh" : [ -1.0 ],
					"preset-text" : [ "Ramamani1" ],
					"LBH-filter::BG" : [ 0.000000000000004 ],
					"LBH-filter::HG" : [ 20.0 ],
					"LBH-filter::LG" : [ 5.000000000000004 ],
					"LBH-filter::BF" : [ 1200.000000000000227 ],
					"LBH-filter::HF" : [ 968.181511949097739 ],
					"LBH-filter::LF" : [ 186.033872088357811 ],
					"LBH-filter::BQ" : [ 1.0 ],
					"LBH-filter::HQ" : [ 0.999999999999999 ],
					"LBH-filter::LQ" : [ 0.999999999999999 ],
					"xmod8::mc-fader8" : [ 1.0, 1.0, 1.0, 1.0, 1.0, 1.0, 1.0, 1.0 ],
					"xmod8::mod-on" : [ 0.0 ],
					"xmod8::mod-range" : [ 25.280702222197103 ],
					"xmod8::number" : [ 0.0 ],
					"xmod8::number[1]" : [ 0.0 ],
					"xmod8::sr-mix" : [ 25.0 ],
					"xmod8::mc.opx1a::numdev1" : [ 0.0 ],
					"xmod8::mc.opx1a::numdev2" : [ 0.1 ],
					"xmod8::mc.opx1a::numexp1" : [ 0.0 ],
					"xmod8::mc.opx1a::numexp2" : [ 0.1 ],
					"xmod8::mc.opx1a::numharm1" : [ 0.0 ],
					"xmod8::mc.opx1a::numharm2" : [ 0.1 ],
					"xmod8::mc.opx1a::numinc1" : [ 0.0 ],
					"xmod8::mc.opx1a::numinc2" : [ 0.1 ],
					"xmod8::mc.opx1a::numscalexp1" : [ 0.0 ],
					"xmod8::mc.opx1a::numscalexp2" : [ 0.1 ],
					"xmod8::mc.opx1a::numspread1" : [ 0.0 ],
					"xmod8::mc.opx1a::numspread2" : [ 0.1 ],
					"xmod8::mc.opx1a::numsubharm1" : [ 0.0 ],
					"xmod8::mc.opx1a::numsubharm2" : [ 0.1 ],
					"xmod8::mc.opx1a::operator" : [ 0 ],
					"volenv12::amt" : [ 100.0 ],
					"volenv12::amt[10]" : [ 100.0 ],
					"volenv12::amt[11]" : [ 100.0 ],
					"volenv12::amt[12]" : [ 100.0 ],
					"volenv12::amt[1]" : [ 100.0 ],
					"volenv12::amt[2]" : [ 100.0 ],
					"volenv12::amt[3]" : [ 100.0 ],
					"volenv12::amt[4]" : [ 100.0 ],
					"volenv12::amt[5]" : [ 100.0 ],
					"volenv12::amt[6]" : [ 100.0 ],
					"volenv12::amt[7]" : [ 100.0 ],
					"volenv12::amt[8]" : [ 100.0 ],
					"volenv12::amt[9]" : [ 100.0 ],
					"volenv12::env-name" : [ 0 ],
					"volenv12::lin-curv" : [ 1.0 ],
					"volenv12::live.button" : [ 0.0 ],
					"volenv12::maxval" : [ 6.0 ],
					"volenv12::maxval[10]" : [ 15.0 ],
					"volenv12::maxval[11]" : [ 2.0 ],
					"volenv12::maxval[12]" : [ 6.0 ],
					"volenv12::maxval[1]" : [ 25.0 ],
					"volenv12::maxval[2]" : [ 5.0 ],
					"volenv12::maxval[3]" : [ 100.0 ],
					"volenv12::maxval[4]" : [ 20.0 ],
					"volenv12::maxval[5]" : [ 15.0 ],
					"volenv12::maxval[6]" : [ 2.0 ],
					"volenv12::maxval[7]" : [ 2.0 ],
					"volenv12::maxval[8]" : [ 15.0 ],
					"volenv12::maxval[9]" : [ 2.0 ],
					"volenv12::minval" : [ -30.0 ],
					"volenv12::minval[10]" : [ -15.0 ],
					"volenv12::minval[11]" : [ -2.0 ],
					"volenv12::minval[12]" : [ -30.0 ],
					"volenv12::minval[1]" : [ 0.0 ],
					"volenv12::minval[2]" : [ 0.0 ],
					"volenv12::minval[3]" : [ -100.0 ],
					"volenv12::minval[4]" : [ -20.0 ],
					"volenv12::minval[5]" : [ -15.0 ],
					"volenv12::minval[6]" : [ -2.0 ],
					"volenv12::minval[7]" : [ -2.0 ],
					"volenv12::minval[8]" : [ -15.0 ],
					"volenv12::minval[9]" : [ -2.0 ],
					"volenv12::volenv" : [ 100.0, -30.0, 6.0, 0.0, -1.902439024390244, 0, 0.0, 31.327800829875518, 0.292682926829269, 0, 0.0, 49.792531120331951, -9.365853658536587, 0, 0.6, 65.560165975103729, 0.292682926829269, 0, -0.5, 100.0, -0.585365853658537, 0, 0.0, "curve" ],
					"volenv12::volenv[10]" : [ 100.0, -15.0, 15.0, 0.0, 0.0, 0, 0.0, 50.0, 0.0, 0, 0.0, 100.0, 0.0, 0, 0.0, "curve" ],
					"volenv12::volenv[11]" : [ 100.0, -2.0, 2.0, 0.0, 0.0, 0, 0.0, 50.0, 0.0, 0, 0.0, 100.0, 0.0, 0, 0.0, "curve" ],
					"volenv12::volenv[12]" : [ 100.0, -30.0, 6.0, 0.0, 0.0, 0, 0.0, 50.0, 0.0, 0, 0.0, 100.0, 0.0, 0, 0.0, "curve" ],
					"volenv12::volenv[1]" : [ 100.0, 0.0, 25.0, 0.0, 0.0, 0, 0.0, 50.0, 0.0, 0, 0.0, 100.0, 0.0, 0, 0.0, "curve" ],
					"volenv12::volenv[2]" : [ 100.0, 0.0, 5.0, 0.0, 5.0, 0, 0.0, 50.207468879668049, 2.621951219512195, 0, 0.0, 100.0, 5.0, 0, 0.0, "curve" ],
					"volenv12::volenv[3]" : [ 100.0, -100.0, 100.0, 0.0, 0.0, 0, 0.0, 50.0, 0.0, 0, 0.0, 100.0, 0.0, 0, 0.0, "curve" ],
					"volenv12::volenv[4]" : [ 100.0, -20.0, 20.0, 0.0, 0.0, 0, 0.0, 50.0, 0.0, 0, 0.0, 100.0, 0.0, 0, 0.0, "curve" ],
					"volenv12::volenv[5]" : [ 100.0, -15.0, 15.0, 0.0, 0.0, 0, 0.0, 50.0, 0.0, 0, 0.0, 100.0, 0.0, 0, 0.0, "curve" ],
					"volenv12::volenv[6]" : [ 100.0, -2.0, 2.0, 0.0, 0.0, 0, 0.0, 50.0, 0.0, 0, 0.0, 100.0, 0.0, 0, 0.0, "curve" ],
					"volenv12::volenv[7]" : [ 100.0, -2.0, 2.0, 0.0, 0.0, 0, 0.0, 50.0, 0.0, 0, 0.0, 100.0, 0.0, 0, 0.0, "curve" ],
					"volenv12::volenv[8]" : [ 100.0, -15.0, 15.0, 0.0, 0.0, 0, 0.0, 50.0, 0.0, 0, 0.0, 100.0, 0.0, 0, 0.0, "curve" ],
					"volenv12::volenv[9]" : [ 100.0, -2.0, 2.0, 0.0, 0.0, 0, 0.0, 50.0, 0.0, 0, 0.0, 100.0, 0.0, 0, 0.0, "curve" ],
					"disp::displ-len" : [ 28952.166666666664241 ],
					"disp::displ-start" : [ 21384.083333333332121 ],
					"det-pos-mod::numdev1" : [ 100.0 ],
					"det-pos-mod::numdev1[1]" : [ 100.0 ],
					"det-pos-mod::numdev1[2]" : [ 0.005 ],
					"det-pos-mod::numdev1[3]" : [ 0.04 ],
					"det-pos-mod::op-pit" : [ 0.0 ],
					"det-pos-mod::op-pos" : [ 0.0 ],
					"det-pos-mod::op-pos[1]" : [ 0.0 ],
					"det-pos-mod::pit-envsw" : [ 0.0 ],
					"det-pos-mod::pitmode" : [ 0.0 ],
					"det-pos-mod::pos-envsw" : [ 0.0 ],
					"det-pos-mod::umenu[1]" : [ "00sin.wav" ],
					"patcher::bp88-chmx::ch-matrix" : [ 0, 0, 1.0, 1, 1, 1.0, 2, 2, 1.0, 3, 3, 1.0, 4, 4, 1.0, 5, 5, 1.0, 6, 6, 1.0, 7, 7, 1.0 ],
					"patcher::bp88-chmx::dial-mode" : [ 0.0 ],
					"engine::pmode-scrambl::dir-pattern" : [ "1 1 1 1 1 1 1 1" ]
				}

			}
,
			"2" : 			{
				"id" : 2,
				"data" : 				{
					"pit" : [ 0.0 ],
					"play-mode" : [ 3.0 ],
					"voices" : [ 8.0 ],
					"selstart" : [ 135541.4375 ],
					"seldur" : [ 19944.875 ],
					"fin" : [ 20.0 ],
					"fout" : [ 399.999999999999829 ],
					"tab-names" : [ 0 ],
					"crossfade" : [ 255.918491707968883 ],
					"gain" : [ 4.0 ],
					"start0" : [ 1.0 ],
					"vol" : [ -5.998489914788053 ],
					"limi-on" : [ 0.0 ],
					"thresh" : [ -1.0 ],
					"preset-text" : [ "Ramamani2" ],
					"LBH-filter::BG" : [ 0.000000000000004 ],
					"LBH-filter::HG" : [ 0.000000000000004 ],
					"LBH-filter::LG" : [ 0.000000000000004 ],
					"LBH-filter::BF" : [ 1200.000000000000227 ],
					"LBH-filter::HF" : [ 968.181511949097739 ],
					"LBH-filter::LF" : [ 186.033872088357811 ],
					"LBH-filter::BQ" : [ 1.0 ],
					"LBH-filter::HQ" : [ 0.999999999999999 ],
					"LBH-filter::LQ" : [ 0.999999999999999 ],
					"xmod8::mc-fader8" : [ 1.0, 1.0, 1.0, 1.0, 1.0, 1.0, 1.0, 1.0 ],
					"xmod8::mod-on" : [ 0.0 ],
					"xmod8::mod-range" : [ 25.280702222197103 ],
					"xmod8::number" : [ 0.0 ],
					"xmod8::number[1]" : [ 0.0 ],
					"xmod8::sr-mix" : [ 25.0 ],
					"xmod8::mc.opx1a::numdev1" : [ 0.0 ],
					"xmod8::mc.opx1a::numdev2" : [ 0.1 ],
					"xmod8::mc.opx1a::numexp1" : [ 0.0 ],
					"xmod8::mc.opx1a::numexp2" : [ 0.1 ],
					"xmod8::mc.opx1a::numharm1" : [ 0.0 ],
					"xmod8::mc.opx1a::numharm2" : [ 0.1 ],
					"xmod8::mc.opx1a::numinc1" : [ 0.0 ],
					"xmod8::mc.opx1a::numinc2" : [ 0.1 ],
					"xmod8::mc.opx1a::numscalexp1" : [ 0.0 ],
					"xmod8::mc.opx1a::numscalexp2" : [ 0.1 ],
					"xmod8::mc.opx1a::numspread1" : [ 0.0 ],
					"xmod8::mc.opx1a::numspread2" : [ 0.1 ],
					"xmod8::mc.opx1a::numsubharm1" : [ 0.0 ],
					"xmod8::mc.opx1a::numsubharm2" : [ 0.1 ],