{
	"pattrstorage" : 	{
		"name" : "cgrain",
		"slots" : 		{
			"1" : 			{
				"id" : 1,
				"data" : 				{
					"mcvol" : [ -4.626130574976145 ],
					"mg" : [ 0.0 ],
					"tf-loop" : [ 50.0 ],
					"tf-range" : [ 0.0 ],
					"trig-freq" : [ 0.74 ],
					"start" : [ 12330.41666666666606 ],
					"start-1" : [ 12330.41666666666606 ],
					"start-mdir" : [ 1.0 ],
					"start-range" : [ 0.0 ],
					"start-round" : [ 3520.0 ],
					"start-var" : [ 100.0 ],
					"dur-1" : [ 1760.0 ],
					"dur-range" : [ 0.0 ],
					"dur-round" : [ 0.0 ],
					"dur-var" : [ 0.0 ],
					"dur[1]" : [ 400.0 ],
					"st-dur-mdir" : [ 1.0 ],
					"dur" : [ 1773.04166666666606 ],
					"pmode" : [ 0 ],
					"trans" : [ 0.0 ],
					"trans-mdir" : [ 1.0 ],
					"trans-range" : [ 0.0 ],
					"trans-round" : [ 1200.0 ],
					"trans-var" : [ 100.0 ],
					"amp" : [ 0.0 ],
					"amp-mdir" : [ 1.0 ],
					"amp-range" : [ 0.0 ],
					"amp-round" : [ 0.0 ],
					"amp-var" : [ 5.0 ],
					"filt-freq-range" : [ 24.0 ],
					"filt-freq-round" : [ 1.0 ],
					"filt-freq-var" : [ 100.0 ],
					"filt-mode" : [ 1 ],
					"freq-filt-mdir" : [ 1.0 ],
					"filt-Q" : [ 1.0 ],
					"filt-Q-range" : [ 1.0 ],
					"filt-Q-round" : [ 0.0 ],
					"filt-Q-var" : [ 10.0 ],
					"filt-freq" : [ 200.0 ],
					"q-filt-mdir" : [ 1.0 ],
					"ch-out" : [ 0.5 ],
					"ch-rng" : [ 8.0 ],
					"ch-round" : [ 1.0 ],
					"ch-var" : [ 100.0 ],
					"out-mdir" : [ 1.0 ],
					"wind-pow" : [ 0.7 ],
					"wind-sym" : [ 50.0 ],
					"eq-mix" : [ 100.0 ],
					"eq-on" : [ 1.0 ],
					"hf" : [ 3199.999999999999091 ],
					"hg" : [ 0.0 ],
					"lf" : [ 200.000000000000028 ],
					"lg" : [ 0.0 ],
					"gain" : [ 9.0 ],
					"preset-text" : [ "1Dez17" ],
					"disp::displ-len" : [ 24647.729166666664241 ],
					"disp::displ-start" : [ 2350.041666666666515 ],
					"Limi::lim-ahead" : [ 4.0 ],
					"Limi::limi-by[1]" : [ 1.0 ],
					"Limi::lim-att" : [ 2.0 ],
					"Limi::lim-rel" : [ 80.0 ],
					"Limi::lim-thresh[1]" : [ -1.0 ],
					"cgrainenv12::volenv" : [ 100.0, -30.0, 6.0, 0.0, 2.487804878048777, 0, 0.0, 25.103734439834025, 2.0, 0, 0.0, 40.663900414937757, 0.292682926829269, 0, 0.0, 45.435684647302907, -9.804878048780488, 0, 0.0, 50.0, -30.0, 0, 0.0, 60.165975103734439, -0.146341463414632, 0, 0.0, 74.896265560165972, 4.0, 0, 0.0, 100.0, 2.048780487804876, 0, 0.0, "curve" ],
					"cgrainenv12::volenv[10]" : [ 100.0, -24.0, 24.0, 0.0, 0.0, 0, 0.0, 50.0, 0.0, 0, 0.0, 100.0, 0.0, 0, 0.0, "curve" ],
					"cgrainenv12::volenv[11]" : [ 100.0, -2.0, 2.0, 0.0, 0.0, 0, 0.0, 50.0, 0.0, 0, 0.0, 100.0, 0.0, 0, 0.0, "curve" ],
					"cgrainenv12::volenv[12]" : [ 100.0, -100.0, 100.0, 0.0, 0.0, 0, 0.0, 50.0, 0.0, 0, 0.0, 100.0, 0.0, 0, 0.0, "curve" ],
					"cgrainenv12::volenv[1]" : [ 100.0, -3.0, 3.0, 0.0, 2.121951219512194, 0, 0.0, 50.0, 0.0, 0, 0.0, 100.0, 0.0, 0, 0.0, "curve" ],
					"cgrainenv12::volenv[2]" : [ 100.0, 0.0, 100.0, 0.0, 0.0, 0, 0.0, 50.0, 0.0, 0, 0.0, 100.0, 0.0, 0, 0.0, "curve" ],
					"cgrainenv12::volenv[3]" : [ 100.0, 0.0, 100.0, 0.0, 0.0, 0, 0.0, 50.0, 0.0, 0, 0.0, 100.0, 0.0, 0, 0.0, "curve" ],
					"cgrainenv12::volenv[4]" : [ 100.0, 0.0, 100.0, 0.0, 63.414634146341463, 0, 0.0, 50.0, 0.0, 0, 0.0, 100.0, 0.0, 0, 0.0, "curve" ],
					"cgrainenv12::volenv[5]" : [ 100.0, -2.0, 2.0, 0.0, -1.024390243902439, 0, 0.0, 50.0, 0.0, 0, 0.0, 100.0, 0.0, 0, 0.0, "curve" ],
					"cgrainenv12::volenv[6]" : [ 100.0, -100.0, 100.0, 0.0, 0.0, 0, 0.0, 50.0, 0.0, 0, 0.0, 100.0, 0.0, 0, 0.0, "curve" ],
					"cgrainenv12::volenv[7]" : [ 100.0, -100.0, 100.0, 0.0, 68.292682926829258, 0, 0.0, 50.0, 0.0, 0, 0.0, 100.0, 0.0, 0, 0.0, "curve" ],
					"cgrainenv12::volenv[8]" : [ 100.0, 0.0, 12.0, 0.0, 5.853658536585366, 0, 0.0, 50.0, 0.0, 0, 0.0, 100.0, 0.0, 0, 0.0, "curve" ],
					"cgrainenv12::volenv[9]" : [ 100.0, -4.0, 4.0, 0.0, 0.0, 0, 0.0, 50.0, 0.0, 0, 0.0, 100.0, 0.0, 0, 0.0, "curve" ],
					"cgrainenv12::curve" : [ 1 ],
					"cgrainenv12::env-name" : [ 0 ],
					"cgrainenv12::live.button" : [ 0.0 ],
					"cgrainenv12::minval[8]" : [ 0.0 ],
					"cgrainenv12::minval[9]" : [ -4.0 ],
					"cgrainenv12::minval" : [ -30.0 ],
					"cgrainenv12::minval[10]" : [ -24.0 ],
					"cgrainenv12::minval[11]" : [ -2.0 ],
					"cgrainenv12::minval[12]" : [ -100.0 ],
					"cgrainenv12::minval[1]" : [ -3.0 ],
					"cgrainenv12::minval[2]" : [ 0.0 ],
					"cgrainenv12::minval[3]" : [ 0.0 ],
					"cgrainenv12::minval[4]" : [ 0.0 ],
					"cgrainenv12::minval[5]" : [ -2.0 ],
					"cgrainenv12::minval[6]" : [ -100.0 ],
					"cgrainenv12::minval[7]" : [ -100.0 ],
					"cgrainenv12::maxval" : [ 6.0 ],
					"cgrainenv12::maxval[10]" : [ 24.0 ],
					"cgrainenv12::maxval[11]" : [ 2.0 ],
					"cgrainenv12::maxval[12]" : [ 100.0 ],
					"cgrainenv12::maxval[1]" : [ 3.0 ],
					"cgrainenv12::maxval[2]" : [ 100.0 ],
					"cgrainenv12::maxval[3]" : [ 100.0 ],
					"cgrainenv12::maxval[4]" : [ 100.0 ],
					"cgrainenv12::maxval[5]" : [ 2.0 ],
					"cgrainenv12::maxval[6]" : [ 100.0 ],
					"cgrainenv12::maxval[7]" : [ 100.0 ],
					"cgrainenv12::maxval[8]" : [ 12.0 ],
					"cgrainenv12::maxval[9]" : [ 4.0 ],
					"cgrainenv12::amt" : [ 100.0 ],
					"cgrainenv12::amt[10]" : [ 100.0 ],
					"cgrainenv12::amt[11]" : [ 100.0 ],
					"cgrainenv12::amt[12]" : [ 100.0 ],
					"cgrainenv12::amt[1]" : [ 100.0 ],
					"cgrainenv12::amt[2]" : [ 100.0 ],
					"cgrainenv12::amt[3]" : [ 100.0 ],
					"cgrainenv12::amt[4]" : [ 100.0 ],
					"cgrainenv12::amt[5]" : [ 100.0 ],
					"cgrainenv12::amt[6]" : [ 100.0 ],
					"cgrainenv12::amt[7]" : [ 100.0 ],
					"cgrainenv12::amt[8]" : [ 100.0 ],
					"cgrainenv12::amt[9]" : [ 100.0 ]
				}

			}

		}

	}

}
