{
	"pattrstorage" : 	{
		"name" : "cgrain",
		"slots" : 		{
			"1" : 			{
				"id" : 1,
				"data" : 				{
					"mcvol" : [ -0.58267716535434 ],
					"mg" : [ 0.0 ],
					"tf-loop" : [ 0.0 ],
					"tf-range" : [ 0.0 ],
					"trig-freq" : [ 1.0 ],
					"start" : [ 3505.541666666666515 ],
					"start-1" : [ 3505.541666666666515 ],
					"start-mdir" : [ 2.0 ],
					"start-range" : [ 0.0 ],
					"start-round" : [ 0.0 ],
					"start-var" : [ 100.0 ],
					"dur-1" : [ 5061.0 ],
					"dur-range" : [ 0.0 ],
					"dur-round" : [ 0.0 ],
					"dur-var" : [ 0.0 ],
					"dur[1]" : [ 400.0 ],
					"st-dur-mdir" : [ 0.0 ],
					"dur" : [ 549.875 ],
					"pmode" : [ 0 ],
					"trans" : [ 0.0 ],
					"trans-mdir" : [ 1.0 ],
					"trans-range" : [ 1200.0 ],
					"trans-round" : [ 1200.0 ],
					"trans-var" : [ 100.0 ],
					"amp" : [ 0.0 ],
					"amp-mdir" : [ 0.0 ],
					"amp-range" : [ 0.0 ],
					"amp-round" : [ 0.0 ],
					"amp-var" : [ 0.0 ],
					"filt-freq-range" : [ 0.0 ],
					"filt-freq-round" : [ 0.0 ],
					"filt-freq-var" : [ 0.0 ],
					"filt-mode" : [ 0 ],
					"freq-filt-mdir" : [ 1.0 ],
					"filt-Q" : [ 2.0 ],
					"filt-Q-range" : [ 0.0 ],
					"filt-Q-round" : [ 0.0 ],
					"filt-Q-var" : [ 0.0 ],
					"filt-freq" : [ 20000.0 ],
					"q-filt-mdir" : [ 1.0 ],
					"ch-out" : [ 0.0 ],
					"ch-rng" : [ 8.0 ],
					"ch-round" : [ 1.0 ],
					"ch-var" : [ 94.0 ],
					"out-mdir" : [ 1.0 ],
					"wind-pow" : [ 0.978594894281191 ],
					"wind-sym" : [ 50.0 ],
					"eq-mix" : [ 100.0 ],
					"eq-on" : [ 1.0 ],
					"hf" : [ 3199.999999999999091 ],
					"hg" : [ 0.0 ],
					"lf" : [ 200.000000000000028 ],
					"lg" : [ -5.669291338582667 ],
					"gain" : [ 15.0 ],
					"preset-text" : [ "ChristmasLights1" ],
					"disp::displ-len" : [ 19417.958333333332121 ],
					"disp::displ-start" : [ 0.0 ],
					"Limi::lim-ahead" : [ 4.0 ],
					"Limi::limi-by[1]" : [ 1.0 ],
					"Limi::lim-att" : [ 2.0 ],
					"Limi::lim-rel" : [ 80.0 ],
					"Limi::lim-thresh[1]" : [ -1.0 ],
					"cgrainenv12::volenv" : [ 100.0, -30.0, 0.0, 0.0, -3.292682926829269, 0, 0.0, 7.883817427385893, 0.0, 0, 0.0, 32.780082987551864, 0.0, 0, 0.0, 50.0, -10.975609756097562, 0, 0.0, 65.767634854771785, 0.0, 0, 0.0, 92.116182572614107, 0.0, 0, 0.0, 100.0, -4.024390243902438, 0, 0.0, "curve" ],
					"cgrainenv12::volenv[10]" : [ 100.0, -24.0, 24.0, 0.0, 0.0, 0, 0.0, 50.0, 0.0, 0, 0.0, 100.0, 0.0, 0, 0.0, "curve" ],
					"cgrainenv12::volenv[11]" : [ 100.0, -2.0, 2.0, 0.0, 0.0, 0, 0.0, 50.0, 0.0, 0, 0.0, 100.0, 0.0, 0, 0.0, "curve" ],
					"cgrainenv12::volenv[12]" : [ 100.0, -100.0, 100.0, 0.0, 0.0, 0, 0.0, 50.0, 0.0, 0, 0.0, 100.0, 0.0, 0, 0.0, "curve" ],
					"cgrainenv12::volenv[1]" : [ 100.0, -6.0, 6.0, 0.0, 0.0, 0, 0.0, 50.0, 0.0, 0, 0.0, 100.0, 0.0, 0, 0.0, "curve" ],
					"cgrainenv12::volenv[2]" : [ 100.0, 0.0, 100.0, 0.0, 0.0, 0, 0.0, 50.0, 0.0, 0, 0.0, 100.0, 0.0, 0, 0.0, "curve" ],
					"cgrainenv12::volenv[3]" : [ 100.0, 0.0, 100.0, 0.0, 0.0, 0, 0.0, 50.0, 0.0, 0, 0.0, 100.0, 0.0, 0, 0.0, "curve" ],
					"cgrainenv12::volenv[4]" : [ 100.0, 0.0, 100.0, 0.0, 0.0, 0, 0.0, 50.0, 0.0, 0, 0.0, 100.0, 0.0, 0, 0.0, "curve" ],
					"cgrainenv12::volenv[5]" : [ 100.0, -2.0, 2.0, 0.0, 0.0, 0, 0.0, 50.0, 0.0, 0, 0.0, 100.0, 0.0, 0, 0.0, "curve" ],
					"cgrainenv12::volenv[6]" : [ 100.0, -100.0, 100.0, 0.0, 0.0, 0, 0.0, 50.0, 0.0, 0, 0.0, 100.0, 0.0, 0, 0.0, "curve" ],
					"cgrainenv12::volenv[7]" : [ 100.0, -100.0, 100.0, 0.0, 0.0, 0, 0.0, 50.0, 0.0, 0, 0.0, 100.0, 0.0, 0, 0.0, "curve" ],
					"cgrainenv12::volenv[8]" : [ 100.0, 0.0, 12.0, 0.0, 0.0, 0, 0.0, 50.0, 0.0, 0, 0.0, 100.0, 0.0, 0, 0.0, "curve" ],
					"cgrainenv12::volenv[9]" : [ 100.0, -4.0, 4.0, 0.0, -4.0, 0, 0.0, 50.0, 0.0, 0, 0.0, 100.0, -4.0, 0, 0.0, "curve" ],
					"cgrainenv12::curve" : [ 1.0 ],
					"cgrainenv12::env-name" : [ 0 ],
					"cgrainenv12::live.button" : [ 0.0 ],
					"cgrainenv12::minval[8]" : [ 0.0 ],
					"cgrainenv12::minval[9]" : [ -4.0 ],
					"cgrainenv12::minval" : [ -30.0 ],
					"cgrainenv12::minval[10]" : [ -24.0 ],
					"cgrainenv12::minval[11]" : [ -2.0 ],
					"cgrainenv12::minval[12]" : [ -100.0 ],
					"cgrainenv12::minval[1]" : [ -6.0 ],
					"cgrainenv12::minval[2]" : [ 0.0 ],
					"cgrainenv12::minval[3]" : [ 0.0 ],
					"cgrainenv12::minval[4]" : [ 0.0 ],
					"cgrainenv12::minval[5]" : [ -2.0 ],
					"cgrainenv12::minval[6]" : [ -100.0 ],
					"cgrainenv12::minval[7]" : [ -100.0 ],
					"cgrainenv12::maxval" : [ 0.0 ],
					"cgrainenv12::maxval[10]" : [ 24.0 ],
					"cgrainenv12::maxval[11]" : [ 2.0 ],
					"cgrainenv12::maxval[12]" : [ 100.0 ],
					"cgrainenv12::maxval[1]" : [ 6.0 ],
					"cgrainenv12::maxval[2]" : [ 100.0 ],
					"cgrainenv12::maxval[3]" : [ 100.0 ],
					"cgrainenv12::maxval[4]" : [ 100.0 ],
					"cgrainenv12::maxval[5]" : [ 2.0 ],
					"cgrainenv12::maxval[6]" : [ 100.0 ],
					"cgrainenv12::maxval[7]" : [ 100.0 ],
					"cgrainenv12::maxval[8]" : [ 12.0 ],
					"cgrainenv12::maxval[9]" : [ 4.0 ],
					"cgrainenv12::amt" : [ 100.0 ],
					"cgrainenv12::amt[10]" : [ 100.0 ],
					"cgrainenv12::amt[11]" : [ 100.0 ],
					"cgrainenv12::amt[12]" : [ 100.0 ],
					"cgrainenv12::amt[1]" : [ 100.0 ],
					"cgrainenv12::amt[2]" : [ 100.0 ],
					"cgrainenv12::amt[3]" : [ 100.0 ],
					"cgrainenv12::amt[4]" : [ 100.0 ],
					"cgrainenv12::amt[5]" : [ 100.0 ],
					"cgrainenv12::amt[6]" : [ 100.0 ],
					"cgrainenv12::amt[7]" : [ 100.0 ],
					"cgrainenv12::amt[8]" : [ 100.0 ],
					"cgrainenv12::amt[9]" : [ 100.0 ]
				}

			}
,
			"2" : 			{
				"id" : 2,
				"data" : 				{
					"mcvol" : [ -0.58267716535434 ],
					"mg" : [ 0.0 ],
					"tf-loop" : [ 10.0 ],
					"tf-range" : [ 10.0 ],
					"trig-freq" : [ 0.4 ],
					"start" : [ 232352.0625 ],
					"start-1" : [ 232352.0625 ],
					"start-mdir" : [ 2.0 ],
					"start-range" : [ 0.0 ],
					"start-round" : [ 0.0 ],
					"start-var" : [ 100.0 ],
					"dur-1" : [ 3006.0 ],
					"dur-range" : [ 200.0 ],
					"dur-round" : [ 0.0 ],
					"dur-var" : [ 100.0 ],
					"dur[1]" : [ 400.0 ],
					"st-dur-mdir" : [ 0.0 ],
					"dur" : [ 490.833333333313931 ],
					"pmode" : [ 0 ],
					"trans" : [ 0.0 ],
					"trans-mdir" : [ 2.0 ],
					"trans-range" : [ 600.0 ],
					"trans-round" : [ 1200.0 ],
					"trans-var" : [ 100.0 ],
					"amp" : [ 0.0 ],
					"amp-mdir" : [ 0.0 ],
					"amp-range" : [ 0.0 ],
					"amp-round" : [ 0.0 ],
					"amp-var" : [ 0.0 ],
					"filt-freq-range" : [ 0.0 ],
					"filt-freq-round" : [ 0.0 ],
					"filt-freq-var" : [ 0.0 ],
					"filt-mode" : [ 0 ],
					"freq-filt-mdir" : [ 1.0 ],
					"filt-Q" : [ 2.0 ],
					"filt-Q-range" : [ 0.0 ],
					"filt-Q-round" : [ 0.0 ],
					"filt-Q-var" : [ 0.0 ],
					"filt-freq" : [ 20000.0 ],
					"q-filt-mdir" : [ 1.0 ],
					"ch-out" : [ 0.0 ],
					"ch-rng" : [ 8.0 ],
					"ch-round" : [ 1.0 ],
					"ch-var" : [ 94.0 ],
					"out-mdir" : [ 1.0 ],
					"wind-pow" : [ 0.978594894281191 ],
					"wind-sym" : [ 50.0 ],
					"eq-mix" : [ 100.0 ],
					"eq-on" : [ 1.0 ],
					"hf" : [ 2277.151440471888691 ],
					"hg" : [ 8.031496062992119 ],
					"lf" : [ 285.36384641764522 ],
					"lg" : [ -9.448818897637782 ],
					"gain" : [ 18.0 ],
					"preset-text" : [ "ChristmasLights2" ],
					"disp::displ-len" : [ 12057.16666666666606 ],
					"disp::displ-start" : [ 228041.375 ],
					"Limi::lim-ahead" : [ 4.0 ],
					"Limi::limi-by[1]" : [ 1.0 ],
					"Limi::lim-att" : [ 2.0 ],
					"Limi::lim-rel" : [ 80.0 ],
					"Limi::lim-thresh[1]" : [ -1.0 ],
					"cgrainenv12::volenv" : [ 100.0, -30.0, 0.0, 0.0, -3.292682926829269, 0, 0.0, 7.883817427385893, 0.0, 0, 0.0, 32.780082987551864, 0.0, 0, 0.0, 50.0, -10.975609756097562, 0, 0.0, 65.767634854771785, 0.0, 0, 0.0, 92.116182572614107, 0.0, 0, 0.0, 100.0, -4.024390243902438, 0, 0.0, "curve" ],