{
	"pattrstorage" : 	{
		"name" : "cgrain",
		"slots" : 		{
			"1" : 			{
				"id" : 1,
				"data" : 				{
					"mcvol" : [ -12.0 ],
					"mg" : [ 0.0 ],
					"tf-loop" : [ 50.0 ],
					"tf-range" : [ 0.0 ],
					"trig-freq" : [ 1.0 ],
					"start" : [ 147469.479166666656965 ],
					"start-1" : [ 147469.479166666656965 ],
					"start-mdir" : [ 0.0 ],
					"start-range" : [ 0.0 ],
					"start-round" : [ 0.0 ],
					"start-var" : [ 0.0 ],
					"dur-1" : [ 1500.0 ],
					"dur-range" : [ 0.0 ],
					"dur-round" : [ 0.0 ],
					"dur-var" : [ 0.0 ],
					"dur[1]" : [ 0.0 ],
					"st-dur-mdir" : [ 1.0 ],
					"dur" : [ 1689.270833333343035 ],
					"pmode" : [ 0 ],
					"trans" : [ 0.0 ],
					"trans-mdir" : [ 1.0 ],
					"trans-range" : [ 14.300000000000001 ],
					"trans-round" : [ 0.0 ],
					"trans-var" : [ 61.799999999999997 ],
					"amp" : [ 0.0 ],
					"amp-mdir" : [ 1.0 ],
					"amp-range" : [ 0.0 ],
					"amp-round" : [ 0.0 ],
					"amp-var" : [ 0.0 ],
					"filt-freq-range" : [ 0.0 ],
					"filt-freq-round" : [ 0.0 ],
					"filt-freq-var" : [ 0.0 ],
					"filt-mode" : [ 1 ],
					"freq-filt-mdir" : [ 1.0 ],
					"filt-Q" : [ 1.0 ],
					"filt-Q-range" : [ 0.0 ],
					"filt-Q-round" : [ 0.0 ],
					"filt-Q-var" : [ 0.0 ],
					"filt-freq" : [ 108.0 ],
					"q-filt-mdir" : [ 1.0 ],
					"ch-out" : [ 0.0 ],
					"ch-rng" : [ 8.0 ],
					"ch-round" : [ 1.0 ],
					"ch-var" : [ 94.0 ],
					"out-mdir" : [ 1.0 ],
					"wind-pow" : [ 0.7 ],
					"wind-sym" : [ 50.0 ],
					"eq-mix" : [ 100.0 ],
					"eq-on" : [ 1.0 ],
					"hf" : [ 3199.999999999999091 ],
					"hg" : [ 0.0 ],
					"lf" : [ 200.000000000000028 ],
					"lg" : [ 0.0 ],
					"gain" : [ 4.0 ],
					"preset-text" : [ "In the Mood reverse" ],
					"disp::displ-len" : [ 21473.520833333332121 ],
					"disp::displ-start" : [ 142635.6875 ],
					"Limi::lim-ahead" : [ 4.0 ],
					"Limi::limi-by[1]" : [ 1.0 ],
					"Limi::lim-att" : [ 2.0 ],
					"Limi::lim-rel" : [ 80.0 ],
					"Limi::lim-thresh[1]" : [ -1.0 ],
					"cgrainenv12::volenv" : [ 100.0, -30.0, 6.0, 0.0, 0.0, 0, 0.0, 42.116182572614107, 0.0, 0, 0.0, 49.792531120331951, -15.0, 0, 0.0, 62.240663900414937, -2.0, 0, 0.0, 73.85892116182572, 0.0, 0, 0.0, 99.999999999999986, 0.0, 0, 0.0, "curve" ],
					"cgrainenv12::volenv[10]" : [ 100.0, -24.0, 24.0, 0.0, 0.0, 0, 0.0, 49.999999999999993, 0.0, 0, 0.0, 99.999999999999986, 0.0, 0, 0.0, "curve" ],
					"cgrainenv12::volenv[11]" : [ 100.0, -2.0, 2.0, 0.0, 0.0, 0, 0.0, 49.999999999999993, 0.0, 0, 0.0, 99.999999999999986, 0.0, 0, 0.0, "curve" ],
					"cgrainenv12::volenv[12]" : [ 100.0, -100.0, 100.0, 0.0, 0.0, 0, 0.0, 49.999999999999993, 0.0, 0, 0.0, 99.999999999999986, 0.0, 0, 0.0, "curve" ],
					"cgrainenv12::volenv[1]" : [ 100.0, -2.0, 2.0, 0.0, 0.0, 0, 0.0, 49.999999999999993, 0.0, 0, 0.0, 99.999999999999986, 0.0, 0, 0.0, "curve" ],
					"cgrainenv12::volenv[2]" : [ 100.0, 0.0, 100.0, 0.0, 0.0, 0, 0.0, 49.999999999999993, 0.0, 0, 0.0, 99.999999999999986, 0.0, 0, 0.0, "curve" ],
					"cgrainenv12::volenv[3]" : [ 100.0, 0.0, 100.0, 0.0, 0.0, 0, 0.0, 49.999999999999993, 0.0, 0, 0.0, 99.999999999999986, 0.0, 0, 0.0, "curve" ],
					"cgrainenv12::volenv[4]" : [ 100.0, 0.0, 100.0, 0.0, 0.0, 0, 0.0, 49.999999999999993, 0.0, 0, 0.0, 99.999999999999986, 0.0, 0, 0.0, "curve" ],
					"cgrainenv12::volenv[5]" : [ 100.0, -2.0, 2.0, 0.0, 0.0, 0, 0.0, 49.999999999999993, 0.0, 0, 0.0, 99.999999999999986, 0.0, 0, 0.0, "curve" ],
					"cgrainenv12::volenv[6]" : [ 100.0, -100.0, 100.0, 0.0, 0.0, 0, 0.0, 49.999999999999993, 0.0, 0, 0.0, 99.999999999999986, 0.0, 0, 0.0, "curve" ],
					"cgrainenv12::volenv[7]" : [ 100.0, -100.0, 100.0, 0.0, 0.0, 0, 0.0, 49.999999999999993, 0.0, 0, 0.0, 99.999999999999986, 0.0, 0, 0.0, "curve" ],
					"cgrainenv12::volenv[8]" : [ 100.0, 0.0, 12.0, 0.0, 0.0, 0, 0.0, 49.999999999999993, 0.0, 0, 0.0, 99.999999999999986, 0.0, 0, 0.0, "curve" ],
					"cgrainenv12::volenv[9]" : [ 100.0, -4.0, 4.0, 0.0, 0.0, 0, 0.0, 49.999999999999993, 0.0, 0, 0.0, 99.999999999999986, 0.0, 0, 0.0, "curve" ],
					"cgrainenv12::curve" : [ 1 ],
					"cgrainenv12::env-name" : [ 0 ],
					"cgrainenv12::live.button" : [ 0.0 ],
					"cgrainenv12::minval[8]" : [ 0.0 ],
					"cgrainenv12::minval[9]" : [ -4.0 ],
					"cgrainenv12::minval" : [ -30.0 ],
					"cgrainenv12::minval[10]" : [ -24.0 ],
					"cgrainenv12::minval[11]" : [ -2.0 ],
					"cgrainenv12::minval[12]" : [ -100.0 ],
					"cgrainenv12::minval[1]" : [ -2.0 ],
					"cgrainenv12::minval[2]" : [ 0.0 ],
					"cgrainenv12::minval[3]" : [ 0.0 ],
					"cgrainenv12::minval[4]" : [ 0.0 ],
					"cgrainenv12::minval[5]" : [ -2.0 ],
					"cgrainenv12::minval[6]" : [ -100.0 ],
					"cgrainenv12::minval[7]" : [ -100.0 ],
					"cgrainenv12::maxval" : [ 6.0 ],
					"cgrainenv12::maxval[10]" : [ 24.0 ],
					"cgrainenv12::maxval[11]" : [ 2.0 ],
					"cgrainenv12::maxval[12]" : [ 100.0 ],
					"cgrainenv12::maxval[1]" : [ 2.0 ],
					"cgrainenv12::maxval[2]" : [ 100.0 ],
					"cgrainenv12::maxval[3]" : [ 100.0 ],
					"cgrainenv12::maxval[4]" : [ 100.0 ],
					"cgrainenv12::maxval[5]" : [ 2.0 ],
					"cgrainenv12::maxval[6]" : [ 100.0 ],
					"cgrainenv12::maxval[7]" : [ 100.0 ],
					"cgrainenv12::maxval[8]" : [ 12.0 ],
					"cgrainenv12::maxval[9]" : [ 4.0 ],
					"cgrainenv12::amt" : [ 100.0 ],
					"cgrainenv12::amt[10]" : [ 100.0 ],
					"cgrainenv12::amt[11]" : [ 100.0 ],
					"cgrainenv12::amt[12]" : [ 100.0 ],
					"cgrainenv12::amt[1]" : [ 100.0 ],
					"cgrainenv12::amt[2]" : [ 100.0 ],
					"cgrainenv12::amt[3]" : [ 100.0 ],
					"cgrainenv12::amt[4]" : [ 100.0 ],
					"cgrainenv12::amt[5]" : [ 100.0 ],
					"cgrainenv12::amt[6]" : [ 100.0 ],
					"cgrainenv12::amt[7]" : [ 100.0 ],
					"cgrainenv12::amt[8]" : [ 100.0 ],
					"cgrainenv12::amt[9]" : [ 100.0 ]
				}

			}
,
			"2" : 			{
				"id" : 2,
				"data" : 				{
					"mcvol" : [ -12.0 ],
					"mg" : [ 0.0 ],
					"tf-loop" : [ 50.0 ],
					"tf-range" : [ 0.0 ],
					"trig-freq" : [ 1.0 ],
					"start" : [ 147469.479166666656965 ],
					"start-1" : [ 147469.479166666656965 ],
					"start-mdir" : [ 1.0 ],
					"start-range" : [ 0.0 ],
					"start-round" : [ 0.0 ],
					"start-var" : [ 7.75 ],
					"dur-1" : [ 1500.0 ],
					"dur-range" : [ 13.800000000000001 ],
					"dur-round" : [ 0.0 ],
					"dur-var" : [ 6.34 ],
					"dur[1]" : [ 0.0 ],
					"st-dur-mdir" : [ 1.0 ],
					"dur" : [ 1689.270833333343035 ],
					"pmode" : [ 0 ],
					"trans" : [ 0.0 ],
					"trans-mdir" : [ 1.0 ],
					"trans-range" : [ 14.300000000000001 ],
					"trans-round" : [ 0.0 ],
					"trans-var" : [ 61.799999999999997 ],
					"amp" : [ 0.0 ],
					"amp-mdir" : [ 1.0 ],
					"amp-range" : [ 1.0 ],
					"amp-round" : [ 0.0 ],
					"amp-var" : [ 100.0 ],
					"filt-freq-range" : [ 0.0 ],
					"filt-freq-round" : [ 0.0 ],
					"filt-freq-var" : [ 0.0 ],
					"filt-mode" : [ 0 ],
					"freq-filt-mdir" : [ 1.0 ],
					"filt-Q" : [ 1.0 ],
					"filt-Q-range" : [ 0.0 ],
					"filt-Q-round" : [ 0.0 ],
					"filt-Q-var" : [ 0.0 ],
					"filt-freq" : [ 20000.0 ],
					"q-filt-mdir" : [ 1.0 ],
					"ch-out" : [ 0.0 ],
					"ch-rng" : [ 8.0 ],
					"ch-round" : [ 1.0 ],
					"ch-var" : [ 94.0 ],
					"out-mdir" : [ 1.0 ],
					"wind-pow" : [ 0.7 ],
					"wind-sym" : [ 50.0 ],
					"eq-mix" : [ 100.0 ],
					"eq-on" : [ 1.0 ],
					"hf" : [ 3199.999999999999091 ],
					"hg" : [ 0.0 ],
					"lf" : [ 200.000000000000028 ],
					"lg" : [ 0.0 ],
					"gain" : [ 17.0 ],
					"preset-text" : [ "In the Mood gran" ],
					"disp::displ-len" : [ 21473.520833333332121 ],
					"disp::displ-start" : [ 142635.6875 ],
					"Limi::lim-ahead" : [ 4.0 ],
					"Limi::limi-by[1]" : [ 1.0 ],
					"Limi::lim-att" : [ 2.0 ],
					"Limi::lim-rel" : [ 80.0 ],
					"Limi::lim-thresh[1]" : [ -1.0 ],