{
	"pattrstorage" : 	{
		"name" : "blp",
		"slots" : 		{
			"1" : 			{
				"id" : 1,
				"data" : 				{
					"crossfade" : [ 99.999999999999986 ],
					"fin" : [ 20.0 ],
					"fout" : [ 399.999999999999829 ],
					"gain" : [ 10.0 ],
					"limi-on" : [ 0.0 ],
					"pit" : [ 0.000000000000011 ],
					"play-mode" : [ 0.0 ],
					"preset-text" : [ "MuMinXinGe" ],
					"seldur" : [ 53469.854166666656965 ],
					"selstart" : [ 152900.3125 ],
					"start0" : [ 1.0 ],
					"tab-names" : [ 2 ],
					"thresh" : [ -1.0 ],
					"voices" : [ 8.0 ],
					"read::technical-READ::bp8-chmatrix::ch-matrix" : [ 0, 0, 1.0, 1, 1, 1.0, 2, 1, 1.0, 3, 2, 1.0, 4, 2, 1.0, 5, 3, 1.0, 6, 3, 1.0, 7, 4, 1.0, 8, 4, 1.0, 9, 5, 1.0, 10, 5, 1.0, 11, 6, 1.0, 12, 6, 1.0, 13, 7, 1.0, 14, 7, 1.0, 15, 0, 1.0 ],
					"read::technical-READ::bp8-chmatrix::dial-mode" : [ 0.0 ],
					"LBH-filter::BF" : [ 1200.000000000000227 ],
					"LBH-filter::BG" : [ 0.000000000000004 ],
					"LBH-filter::BQ" : [ 1.0 ],
					"LBH-filter::HF" : [ 3200.0 ],
					"LBH-filter::HG" : [ 0.000000000000004 ],
					"LBH-filter::HQ" : [ 0.999999999999999 ],
					"LBH-filter::LF" : [ 120.000000000000085 ],
					"LBH-filter::LG" : [ 0.000000000000004 ],
					"LBH-filter::LQ" : [ 0.999999999999999 ],
					"xmod8::mc-fader8" : [ 1.0, 1.0, 1.0, 1.0, 1.0, 1.0, 1.0, 1.0 ],
					"xmod8::mod-on" : [ 0.0 ],
					"xmod8::rslider" : [ 0, 99 ],
					"xmod8::sr-mix" : [ 25.0 ],
					"xmod8::mc.opx1a::numdev1" : [ 0.0 ],
					"xmod8::mc.opx1a::numdev2" : [ 0.1 ],
					"xmod8::mc.opx1a::numexp1" : [ 0.0 ],
					"xmod8::mc.opx1a::numexp2" : [ 0.1 ],
					"xmod8::mc.opx1a::numharm1" : [ 0.0 ],
					"xmod8::mc.opx1a::numharm2" : [ 0.1 ],
					"xmod8::mc.opx1a::numinc1" : [ 0.0 ],
					"xmod8::mc.opx1a::numinc2" : [ 0.1 ],
					"xmod8::mc.opx1a::numscalexp1" : [ 0.0 ],
					"xmod8::mc.opx1a::numscalexp2" : [ 0.1 ],
					"xmod8::mc.opx1a::numspread1" : [ 0.0 ],
					"xmod8::mc.opx1a::numspread2" : [ 0.1 ],
					"xmod8::mc.opx1a::numsubharm1" : [ 0.0 ],
					"xmod8::mc.opx1a::numsubharm2" : [ 0.1 ],
					"xmod8::mc.opx1a::operator" : [ 0 ],
					"volenv12::amt" : [ 100.0 ],
					"volenv12::amt[10]" : [ 100.0 ],
					"volenv12::amt[11]" : [ 100.0 ],
					"volenv12::amt[12]" : [ 100.0 ],
					"volenv12::amt[1]" : [ 100.0 ],
					"volenv12::amt[2]" : [ 100.0 ],
					"volenv12::amt[3]" : [ 100.0 ],
					"volenv12::amt[4]" : [ 100.0 ],
					"volenv12::amt[5]" : [ 100.0 ],
					"volenv12::amt[6]" : [ 100.0 ],
					"volenv12::amt[7]" : [ 100.0 ],
					"volenv12::amt[8]" : [ 100.0 ],
					"volenv12::amt[9]" : [ 100.0 ],
					"volenv12::env-name" : [ 0 ],
					"volenv12::lin-curv" : [ 1.0 ],
					"volenv12::live.button" : [ 0.0 ],
					"volenv12::maxval" : [ 6.0 ],
					"volenv12::maxval[10]" : [ 15.0 ],
					"volenv12::maxval[11]" : [ 2.0 ],
					"volenv12::maxval[12]" : [ 6.0 ],
					"volenv12::maxval[1]" : [ 5.0 ],
					"volenv12::maxval[2]" : [ 5.0 ],
					"volenv12::maxval[3]" : [ 100.0 ],
					"volenv12::maxval[4]" : [ 100.0 ],
					"volenv12::maxval[5]" : [ 15.0 ],
					"volenv12::maxval[6]" : [ 2.0 ],
					"volenv12::maxval[7]" : [ 2.0 ],
					"volenv12::maxval[8]" : [ 15.0 ],
					"volenv12::maxval[9]" : [ 2.0 ],
					"volenv12::minval" : [ -40.0 ],
					"volenv12::minval[10]" : [ -15.0 ],
					"volenv12::minval[11]" : [ -2.0 ],
					"volenv12::minval[12]" : [ -30.0 ],
					"volenv12::minval[1]" : [ 0.0 ],
					"volenv12::minval[2]" : [ 0.0 ],
					"volenv12::minval[3]" : [ -100.0 ],
					"volenv12::minval[4]" : [ -100.0 ],
					"volenv12::minval[5]" : [ -15.0 ],
					"volenv12::minval[6]" : [ -2.0 ],
					"volenv12::minval[7]" : [ -2.0 ],
					"volenv12::minval[8]" : [ -15.0 ],
					"volenv12::minval[9]" : [ -2.0 ],
					"volenv12::volenv" : [ 100.0, -40.0, 6.0, 0.0, -40.0, 0, 0.0, 36.307053941908713, -40.0, 0, 0.0, 42.946058091286304, -9.146341463414632, 0, 0.0, 50.0, 0.0, 0, 0.0, 68.049792531120332, -40.0, 0, 0.0, 100.0, -40.0, 0, 0.0, "curve" ],
					"volenv12::volenv[10]" : [ 100.0, -15.0, 15.0, 0.0, 0.0, 0, 0.0, 50.0, 0.0, 0, 0.0, 100.0, 0.0, 0, 0.0, "curve" ],
					"volenv12::volenv[11]" : [ 100.0, -2.0, 2.0, 0.0, 0.0, 0, 0.0, 50.0, 0.0, 0, 0.0, 100.0, 0.0, 0, 0.0, "curve" ],
					"volenv12::volenv[12]" : [ 100.0, -30.0, 6.0, 0.0, 0.0, 0, 0.0, 50.0, 0.0, 0, 0.0, 100.0, 0.0, 0, 0.0, "curve" ],
					"volenv12::volenv[1]" : [ 100.0, 0.0, 5.0, 0.0, 0.0, 0, 0.0, 50.0, 0.0, 0, 0.0, 100.0, 0.0, 0, 0.0, "curve" ],
					"volenv12::volenv[2]" : [ 100.0, 0.0, 5.0, 0.0, 0.0, 0, 0.0, 50.0, 0.0, 0, 0.0, 100.0, 0.0, 0, 0.0, "curve" ],
					"volenv12::volenv[3]" : [ 100.0, -100.0, 100.0, 0.0, 0.0, 0, 0.0, 50.0, 0.0, 0, 0.0, 100.0, 0.0, 0, 0.0, "curve" ],
					"volenv12::volenv[4]" : [ 100.0, -100.0, 100.0, 0.0, 0.0, 0, 0.0, 50.0, 0.0, 0, 0.0, 100.0, 0.0, 0, 0.0, "curve" ],
					"volenv12::volenv[5]" : [ 100.0, -15.0, 15.0, 0.0, 0.0, 0, 0.0, 50.0, 0.0, 0, 0.0, 100.0, 0.0, 0, 0.0, "curve" ],
					"volenv12::volenv[6]" : [ 100.0, -2.0, 2.0, 0.0, 0.0, 0, 0.0, 50.0, 0.0, 0, 0.0, 100.0, 0.0, 0, 0.0, "curve" ],
					"volenv12::volenv[7]" : [ 100.0, -2.0, 2.0, 0.0, 0.0, 0, 0.0, 50.0, 0.0, 0, 0.0, 100.0, 0.0, 0, 0.0, "curve" ],
					"volenv12::volenv[8]" : [ 100.0, -15.0, 15.0, 0.0, 0.0, 0, 0.0, 50.0, 0.0, 0, 0.0, 100.0, 0.0, 0, 0.0, "curve" ],
					"volenv12::volenv[9]" : [ 100.0, -2.0, 2.0, 0.0, 0.0, 0, 0.0, 50.0, 0.0, 0, 0.0, 100.0, 0.0, 0, 0.0, "curve" ],
					"disp::displ-len" : [ 67011.833333333328483 ],
					"disp::displ-start" : [ 142988.145833333313931 ],
					"det-pos-mod::numdev1" : [ 100.0 ],
					"det-pos-mod::numdev1[1]" : [ 100.0 ],
					"det-pos-mod::numdev1[2]" : [ 0.005 ],
					"det-pos-mod::numdev1[3]" : [ 0.059 ],
					"det-pos-mod::op-pit" : [ 0.0 ],
					"det-pos-mod::op-pos" : [ 1.0 ],
					"det-pos-mod::op-pos[1]" : [ 0.0 ],
					"det-pos-mod::pit-envsw" : [ 0.0 ],
					"det-pos-mod::pitmode" : [ 0.0 ],
					"det-pos-mod::pos-envsw" : [ 0.0 ],
					"det-pos-mod::umenu[1]" : [ "" ],
					"engine::pmode-scrambl::dir-pattern" : [ "1 1 1 1 1 1 1 1" ]
				}

			}

		}

	}

}
