{
	"pattrstorage" : 	{
		"name" : "cgrain",
		"slots" : 		{
			"1" : 			{
				"id" : 1,
				"data" : 				{
					"mcvol" : [ -4.626130574976145 ],
					"mg" : [ 0.0 ],
					"tf-loop" : [ 50.0 ],
					"tf-range" : [ 0.0 ],
					"trig-freq" : [ 2.0 ],
					"start" : [ 68395.833333333328483 ],
					"start-1" : [ 68395.833333333328483 ],
					"start-mdir" : [ 0.0 ],
					"start-range" : [ 0.0 ],
					"start-round" : [ 0.0 ],
					"start-var" : [ 100.0 ],
					"dur-1" : [ 2000.0 ],
					"dur-range" : [ 0.0 ],
					"dur-round" : [ 0.0 ],
					"dur-var" : [ 0.0 ],
					"dur[1]" : [ 100.0 ],
					"st-dur-mdir" : [ 1.0 ],
					"dur" : [ 37039.354166666671517 ],
					"pmode" : [ 0 ],
					"trans" : [ 0.0 ],
					"trans-mdir" : [ 1.0 ],
					"trans-range" : [ 0.0 ],
					"trans-round" : [ 0.0 ],
					"trans-var" : [ 0.0 ],
					"amp" : [ 0.0 ],
					"amp-mdir" : [ 1.0 ],
					"amp-range" : [ 0.0 ],
					"amp-round" : [ 0.0 ],
					"amp-var" : [ 5.0 ],
					"filt-freq-range" : [ 0.0 ],
					"filt-freq-round" : [ 0.0 ],
					"filt-freq-var" : [ 0.0 ],
					"filt-mode" : [ 0 ],
					"freq-filt-mdir" : [ 1.0 ],
					"filt-Q" : [ 1.0 ],
					"filt-Q-range" : [ 0.0 ],
					"filt-Q-round" : [ 0.0 ],
					"filt-Q-var" : [ 10.0 ],
					"filt-freq" : [ 1568.0 ],
					"q-filt-mdir" : [ 1.0 ],
					"ch-out" : [ 0.0 ],
					"ch-rng" : [ 8.0 ],
					"ch-round" : [ 1.0 ],
					"ch-var" : [ 94.0 ],
					"out-mdir" : [ 1.0 ],
					"wind-pow" : [ 0.7 ],
					"wind-sym" : [ 50.0 ],
					"eq-mix" : [ 100.0 ],
					"eq-on" : [ 1.0 ],
					"hf" : [ 3199.999999999999091 ],
					"hg" : [ 0.0 ],
					"lf" : [ 200.000000000000028 ],
					"lg" : [ 0.0 ],
					"gain" : [ 2.0 ],
					"preset-text" : [ "BillFontana2" ],
					"disp::displ-len" : [ 83338.520833333328483 ],
					"disp::displ-start" : [ 52304.979166666664241 ],
					"Limi::lim-ahead" : [ 4.0 ],
					"Limi::limi-by[1]" : [ 1.0 ],
					"Limi::lim-att" : [ 2.0 ],
					"Limi::lim-rel" : [ 80.0 ],
					"Limi::lim-thresh[1]" : [ -1.0 ],
					"cgrainenv12::volenv" : [ 100.0, -30.0, 6.0, 0.0, 0.0, 0, 0.0, 36.307053941908713, 0.292682926829269, 0, 0.0, 50.207468879668049, -26.048780487804876, 0, 0.0, 71.576763485477173, 6.0, 0, 0.0, 100.0, 6.0, 0, 0.0, "curve" ],
					"cgrainenv12::volenv[10]" : [ 100.0, -24.0, 24.0, 0.0, 0.0, 0, 0.0, 50.0, 0.0, 0, 0.0, 100.0, 0.0, 0, 0.0, "curve" ],
					"cgrainenv12::volenv[11]" : [ 100.0, -2.0, 2.0, 0.0, 0.0, 0, 0.0, 50.0, 0.0, 0, 0.0, 100.0, 0.0, 0, 0.0, "curve" ],
					"cgrainenv12::volenv[12]" : [ 100.0, -100.0, 100.0, 0.0, 0.0, 0, 0.0, 50.0, 0.0, 0, 0.0, 100.0, 0.0, 0, 0.0, "curve" ],
					"cgrainenv12::volenv[1]" : [ 100.0, -3.0, 3.0, 0.0, 0.0, 0, 0.0, 50.207468879668049, 2.048780487804878, 0, 0.0, 100.0, -1.463414634146341, 0, 0.0, "curve" ],
					"cgrainenv12::volenv[2]" : [ 100.0, 0.0, 100.0, 0.0, 0.0, 0, 0.0, 50.0, 0.0, 0, 0.0, 100.0, 0.0, 0, 0.0, "curve" ],
					"cgrainenv12::volenv[3]" : [ 100.0, 0.0, 100.0, 0.0, 0.0, 0, 0.0, 50.414937759336105, 100.0, 0, 0.0, 100.0, 0.0, 0, 0.0, "curve" ],
					"cgrainenv12::volenv[4]" : [ 100.0, 0.0, 100.0, 0.0, 0.0, 0, 0.0, 50.0, 0.0, 0, 0.0, 100.0, 0.0, 0, 0.0, "curve" ],
					"cgrainenv12::volenv[5]" : [ 100.0, -2.0, 2.0, 0.0, 0.0, 0, 0.0, 50.0, 0.0, 0, 0.0, 66.182572614107883, 0.0, 0, 0.0, 100.0, 0.585365853658537, 0, 0.0, "curve" ],
					"cgrainenv12::volenv[6]" : [ 100.0, -100.0, 100.0, 0.0, 0.0, 0, 0.0, 50.0, 0.0, 0, 0.0, 100.0, 0.0, 0, 0.0, "curve" ],
					"cgrainenv12::volenv[7]" : [ 100.0, -100.0, 100.0, 0.0, 0.0, 0, 0.0, 50.0, 0.0, 0, 0.0, 100.0, 0.0, 0, 0.0, "curve" ],
					"cgrainenv12::volenv[8]" : [ 100.0, 0.0, 12.0, 0.0, 0.0, 0, 0.0, 50.0, 0.0, 0, 0.0, 100.0, 0.0, 0, 0.0, "curve" ],
					"cgrainenv12::volenv[9]" : [ 100.0, -6.0, 6.0, 0.0, 0.0, 0, 0.0, 50.0, 6.0, 0, 0.0, 100.0, 0.0, 0, 0.0, "curve" ],
					"cgrainenv12::curve" : [ 1 ],
					"cgrainenv12::env-name" : [ 1 ],
					"cgrainenv12::live.button" : [ 0.0 ],
					"cgrainenv12::minval[8]" : [ 0.0 ],
					"cgrainenv12::minval[9]" : [ -6.0 ],
					"cgrainenv12::minval" : [ -30.0 ],
					"cgrainenv12::minval[10]" : [ -24.0 ],
					"cgrainenv12::minval[11]" : [ -2.0 ],
					"cgrainenv12::minval[12]" : [ -100.0 ],
					"cgrainenv12::minval[1]" : [ -3.0 ],
					"cgrainenv12::minval[2]" : [ 0.0 ],
					"cgrainenv12::minval[3]" : [ 0.0 ],
					"cgrainenv12::minval[4]" : [ 0.0 ],
					"cgrainenv12::minval[5]" : [ -2.0 ],
					"cgrainenv12::minval[6]" : [ -100.0 ],
					"cgrainenv12::minval[7]" : [ -100.0 ],
					"cgrainenv12::maxval" : [ 6.0 ],
					"cgrainenv12::maxval[10]" : [ 24.0 ],
					"cgrainenv12::maxval[11]" : [ 2.0 ],
					"cgrainenv12::maxval[12]" : [ 100.0 ],
					"cgrainenv12::maxval[1]" : [ 3.0 ],
					"cgrainenv12::maxval[2]" : [ 100.0 ],
					"cgrainenv12::maxval[3]" : [ 100.0 ],
					"cgrainenv12::maxval[4]" : [ 100.0 ],
					"cgrainenv12::maxval[5]" : [ 2.0 ],
					"cgrainenv12::maxval[6]" : [ 100.0 ],
					"cgrainenv12::maxval[7]" : [ 100.0 ],
					"cgrainenv12::maxval[8]" : [ 12.0 ],
					"cgrainenv12::maxval[9]" : [ 6.0 ],
					"cgrainenv12::amt" : [ 100.0 ],
					"cgrainenv12::amt[10]" : [ 100.0 ],
					"cgrainenv12::amt[11]" : [ 100.0 ],
					"cgrainenv12::amt[12]" : [ 100.0 ],
					"cgrainenv12::amt[1]" : [ 100.0 ],
					"cgrainenv12::amt[2]" : [ 100.0 ],
					"cgrainenv12::amt[3]" : [ 100.0 ],
					"cgrainenv12::amt[4]" : [ 100.0 ],
					"cgrainenv12::amt[5]" : [ 100.0 ],
					"cgrainenv12::amt[6]" : [ 100.0 ],
					"cgrainenv12::amt[7]" : [ 100.0 ],
					"cgrainenv12::amt[8]" : [ 100.0 ],
					"cgrainenv12::amt[9]" : [ 100.0 ]
				}

			}

		}

	}

}
