{
	"pattrstorage" : 	{
		"name" : "cgrain",
		"slots" : 		{
			"1" : 			{
				"id" : 1,
				"data" : 				{
					"mcvol" : [ -4.626130574976145 ],
					"mg" : [ 0.0 ],
					"tf-loop" : [ 50.0 ],
					"tf-range" : [ 0.0 ],
					"trig-freq" : [ 0.5 ],
					"start" : [ 4481.02083333333303 ],
					"start-1" : [ 4481.02083333333303 ],
					"start-mdir" : [ 0.0 ],
					"start-range" : [ 0.0 ],
					"start-round" : [ 0.0 ],
					"start-var" : [ 41.299999999999997 ],
					"dur-1" : [ 1500.0 ],
					"dur-range" : [ 0.0 ],
					"dur-round" : [ 0.0 ],
					"dur-var" : [ 0.0 ],
					"dur[1]" : [ 16.300000000000001 ],
					"st-dur-mdir" : [ 1.0 ],
					"dur" : [ 0.5 ],
					"pmode" : [ 0 ],
					"trans" : [ 0.0 ],
					"trans-mdir" : [ 1.0 ],
					"trans-range" : [ 0.0 ],
					"trans-round" : [ 0.0 ],
					"trans-var" : [ 0.0 ],
					"amp" : [ 0.0 ],
					"amp-mdir" : [ 1.0 ],
					"amp-range" : [ 0.0 ],
					"amp-round" : [ 0.0 ],
					"amp-var" : [ 0.0 ],
					"filt-freq-range" : [ 0.0 ],
					"filt-freq-round" : [ 0.0 ],
					"filt-freq-var" : [ 0.0 ],
					"filt-mode" : [ 0 ],
					"freq-filt-mdir" : [ 1.0 ],
					"filt-Q" : [ 1.0 ],
					"filt-Q-range" : [ 0.0 ],
					"filt-Q-round" : [ 0.0 ],
					"filt-Q-var" : [ 0.0 ],
					"filt-freq" : [ 20000.0 ],
					"q-filt-mdir" : [ 1.0 ],
					"ch-out" : [ 0.0 ],
					"ch-rng" : [ 8.0 ],
					"ch-round" : [ 1.0 ],
					"ch-var" : [ 94.0 ],
					"out-mdir" : [ 1.0 ],
					"wind-pow" : [ 0.7 ],
					"wind-sym" : [ 50.0 ],
					"eq-mix" : [ 100.0 ],
					"eq-on" : [ 1.0 ],
					"hf" : [ 3199.999999999999091 ],
					"hg" : [ 0.0 ],
					"lf" : [ 200.000000000000028 ],
					"lg" : [ 0.0 ],
					"gain" : [ 14.0 ],
					"preset-text" : [ "Ceramics gran" ],
					"disp::displ-len" : [ 15070.208333333332121 ],
					"disp::displ-start" : [ 0.0 ],
					"Limi::lim-ahead" : [ 4.0 ],
					"Limi::limi-by[1]" : [ 1.0 ],
					"Limi::lim-att" : [ 2.0 ],
					"Limi::lim-rel" : [ 80.0 ],
					"Limi::lim-thresh[1]" : [ -1.0 ],
					"cgrainenv12::volenv" : [ 100.0, -30.0, 6.0, 0.0, 0.0, 0, 0.0, 32.780082987551872, -0.146341463414632, 0, 0.0, 49.585062240663902, -10.0, 0, 0.0, 59.751037344398341, -2.341463414634145, 0, 0.0, 67.427385892116178, 0.292682926829269, 0, 0.0, 100.0, 0.0, 0, 0.0, "curve" ],
					"cgrainenv12::volenv[10]" : [ 100.0, -24.0, 24.0, 0.0, 0.0, 0, 0.0, 49.999999999999993, 0.0, 0, 0.0, 99.999999999999986, 0.0, 0, 0.0, "curve" ],
					"cgrainenv12::volenv[11]" : [ 100.0, -2.0, 2.0, 0.0, 0.0, 0, 0.0, 49.999999999999993, 0.0, 0, 0.0, 99.999999999999986, 0.0, 0, 0.0, "curve" ],
					"cgrainenv12::volenv[12]" : [ 100.0, -100.0, 100.0, 0.0, 0.0, 0, 0.0, 49.999999999999993, 0.0, 0, 0.0, 99.999999999999986, 0.0, 0, 0.0, "curve" ],
					"cgrainenv12::volenv[1]" : [ 100.0, -2.0, 2.0, 0.0, 0.0, 0, 0.0, 16.597510373443985, 0.097560975609756, 0, 0.0, 28.423236514522824, 0.840579710144928, 0, 0.0, 38.38174273858921, 0.829268292682927, 0, 0.0, 49.999999999999993, 0.0, 0, 0.0, 63.278008298755189, 0.260869565217391, 0, 0.0, 70.746887966804977, 2.0, 0, 0.0, 78.215767634854771, 0.202898550724638, 0, 0.0, 82.780082987551864, 0.898550724637681, 0, 0.0, 100.0, 0.898550724637681, 0, 0.0, "curve" ],
					"cgrainenv12::volenv[2]" : [ 100.0, 0.0, 100.0, 0.0, 0.0, 0, 0.0, 27.800829875518673, 0.0, 0, 0.0, 39.626556016597512, 12.195121951219512, 0, 0.0, 58.091286307053942, 0.0, 0, 0.0, 70.124481327800822, 34.146341463414636, 0, 0.0, 84.647302904564327, 0.0, 0, 0.0, 100.0, 0.0, 0, 0.0, "curve" ],
					"cgrainenv12::volenv[3]" : [ 100.0, 0.0, 100.0, 0.0, 0.0, 0, 0.0, 49.999999999999993, 0.0, 0, 0.0, 99.999999999999986, 0.0, 0, 0.0, "curve" ],
					"cgrainenv12::volenv[4]" : [ 100.0, 0.0, 100.0, 0.0, 0.0, 0, 0.0, 50.0, 21.951219512195124, 0, 0.0, 75.31120331950207, 44.927536231884062, 0, 0.0, 87.966804979253112, 0.0, 0, 0.0, 100.0, 0.0, 0, 0.0, "curve" ],
					"cgrainenv12::volenv[5]" : [ 100.0, -2.0, 2.0, 0.0, 0.0, 0, 0.0, 49.999999999999993, 0.0, 0, 0.0, 99.999999999999986, 0.0, 0, 0.0, "curve" ],
					"cgrainenv12::volenv[6]" : [ 100.0, -100.0, 100.0, 0.0, 0.0, 0, 0.0, 49.999999999999993, 0.0, 0, 0.0, 99.999999999999986, 0.0, 0, 0.0, "curve" ],
					"cgrainenv12::volenv[7]" : [ 100.0, -100.0, 100.0, 0.0, 0.0, 0, 0.0, 50.0, 0.0, 0, 0.0, 100.0, 0.0, 0, 0.0, "curve" ],
					"cgrainenv12::volenv[8]" : [ 100.0, 0.0, 12.0, 0.0, 0.0, 0, 0.0, 50.0, 0.0, 0, 0.0, 100.0, 0.0, 0, 0.0, "curve" ],
					"cgrainenv12::volenv[9]" : [ 100.0, -4.0, 4.0, 0.0, 0.0, 0, 0.0, 49.999999999999993, 0.0, 0, 0.0, 99.999999999999986, 0.0, 0, 0.0, "curve" ],
					"cgrainenv12::curve" : [ 1 ],
					"cgrainenv12::env-name" : [ 0 ],
					"cgrainenv12::live.button" : [ 0.0 ],
					"cgrainenv12::minval[8]" : [ 0.0 ],
					"cgrainenv12::minval[9]" : [ -4.0 ],
					"cgrainenv12::minval" : [ -30.0 ],
					"cgrainenv12::minval[10]" : [ -24.0 ],
					"cgrainenv12::minval[11]" : [ -2.0 ],
					"cgrainenv12::minval[12]" : [ -100.0 ],
					"cgrainenv12::minval[1]" : [ -2.0 ],
					"cgrainenv12::minval[2]" : [ 0.0 ],
					"cgrainenv12::minval[3]" : [ 0.0 ],
					"cgrainenv12::minval[4]" : [ 0.0 ],
					"cgrainenv12::minval[5]" : [ -2.0 ],
					"cgrainenv12::minval[6]" : [ -100.0 ],
					"cgrainenv12::minval[7]" : [ -100.0 ],
					"cgrainenv12::maxval" : [ 6.0 ],
					"cgrainenv12::maxval[10]" : [ 24.0 ],
					"cgrainenv12::maxval[11]" : [ 2.0 ],
					"cgrainenv12::maxval[12]" : [ 100.0 ],
					"cgrainenv12::maxval[1]" : [ 2.0 ],
					"cgrainenv12::maxval[2]" : [ 100.0 ],
					"cgrainenv12::maxval[3]" : [ 100.0 ],
					"cgrainenv12::maxval[4]" : [ 100.0 ],
					"cgrainenv12::maxval[5]" : [ 2.0 ],
					"cgrainenv12::maxval[6]" : [ 100.0 ],
					"cgrainenv12::maxval[7]" : [ 100.0 ],
					"cgrainenv12::maxval[8]" : [ 12.0 ],
					"cgrainenv12::maxval[9]" : [ 4.0 ],
					"cgrainenv12::amt" : [ 100.0 ],
					"cgrainenv12::amt[10]" : [ 100.0 ],
					"cgrainenv12::amt[11]" : [ 100.0 ],
					"cgrainenv12::amt[12]" : [ 100.0 ],
					"cgrainenv12::amt[1]" : [ 100.0 ],
					"cgrainenv12::amt[2]" : [ 100.0 ],
					"cgrainenv12::amt[3]" : [ 100.0 ],
					"cgrainenv12::amt[4]" : [ 100.0 ],
					"cgrainenv12::amt[5]" : [ 100.0 ],
					"cgrainenv12::amt[6]" : [ 100.0 ],
					"cgrainenv12::amt[7]" : [ 100.0 ],
					"cgrainenv12::amt[8]" : [ 100.0 ],
					"cgrainenv12::amt[9]" : [ 100.0 ]
				}

			}

		}

	}

}
