{
	"pattrstorage" : 	{
		"name" : "cgrain",
		"slots" : 		{
			"1" : 			{
				"id" : 1,
				"data" : 				{
					"mcvol" : [ 2.148752490276067 ],
					"mg" : [ 0.0 ],
					"tf-loop" : [ 50.0 ],
					"tf-range" : [ 0.0 ],
					"trig-freq" : [ 2.5 ],
					"start" : [ 8397.5625 ],
					"start-1" : [ 8397.5625 ],
					"start-mdir" : [ 1.0 ],
					"start-range" : [ 0.0 ],
					"start-round" : [ 0.0 ],
					"start-var" : [ 0.0 ],
					"dur-1" : [ 1259.0 ],
					"dur-range" : [ 0.0 ],
					"dur-round" : [ 0.0 ],
					"dur-var" : [ 0.0 ],
					"dur[1]" : [ 0.0 ],
					"st-dur-mdir" : [ 1.0 ],
					"dur" : [ 0.5 ],
					"pmode" : [ 0 ],
					"trans" : [ 0.0 ],
					"trans-mdir" : [ 1.0 ],
					"trans-range" : [ 0.0 ],
					"trans-round" : [ 0.0 ],
					"trans-var" : [ 5.0 ],
					"amp" : [ 0.0 ],
					"amp-mdir" : [ 1.0 ],
					"amp-range" : [ 0.0 ],
					"amp-round" : [ 0.0 ],
					"amp-var" : [ 5.0 ],
					"filt-freq-range" : [ 0.0 ],
					"filt-freq-round" : [ 0.0 ],
					"filt-freq-var" : [ 0.0 ],
					"filt-mode" : [ 1 ],
					"freq-filt-mdir" : [ 1.0 ],
					"filt-Q" : [ 2.0 ],
					"filt-Q-range" : [ 0.0 ],
					"filt-Q-round" : [ 0.0 ],
					"filt-Q-var" : [ 0.0 ],
					"filt-freq" : [ 4025.0 ],
					"q-filt-mdir" : [ 1.0 ],
					"ch-out" : [ 0.0 ],
					"ch-rng" : [ 8.0 ],
					"ch-round" : [ 1.0 ],
					"ch-var" : [ 94.0 ],
					"out-mdir" : [ 1.0 ],
					"wind-pow" : [ 0.7 ],
					"wind-sym" : [ 50.0 ],
					"eq-mix" : [ 100.0 ],
					"eq-on" : [ 1.0 ],
					"hf" : [ 3199.999999999999091 ],
					"hg" : [ 0.0 ],
					"lf" : [ 200.000000000000028 ],
					"lg" : [ 0.0 ],
					"gain" : [ 7.0 ],
					"preset-text" : [ "Schtzngrbn" ],
					"disp::displ-len" : [ 5325.60416666666606 ],
					"disp::displ-start" : [ 6959.0 ],
					"Limi::lim-ahead" : [ 4.0 ],
					"Limi::limi-by[1]" : [ 1.0 ],
					"Limi::lim-att" : [ 2.0 ],
					"Limi::lim-rel" : [ 80.0 ],
					"Limi::lim-thresh[1]" : [ -1.0 ],
					"cgrainenv12::volenv" : [ 100.0, -30.0, 6.0, 0.0, 0.0, 0, 0.0, 26.763485477178424, -0.146341463414632, 0, 0.0, 43.983402489626556, -0.146341463414632, 0, 0.0, 50.207468879668049, -6.73170731707317, 0, 0.0, 58.50622406639004, -1.024390243902438, 0, 0.0, 99.999999999999986, 0.0, 0, 0.0, "curve" ],
					"cgrainenv12::volenv[10]" : [ 100.0, -24.0, 24.0, 0.0, 0.0, 0, 0.0, 49.999999999999993, 0.0, 0, 0.0, 99.999999999999986, 0.0, 0, 0.0, "curve" ],
					"cgrainenv12::volenv[11]" : [ 100.0, -2.0, 2.0, 0.0, 0.0, 0, 0.0, 49.999999999999993, 0.0, 0, 0.0, 99.999999999999986, 0.0, 0, 0.0, "curve" ],
					"cgrainenv12::volenv[12]" : [ 100.0, -100.0, 100.0, 0.0, 0.0, 0, 0.0, 49.999999999999993, 0.0, 0, 0.0, 99.999999999999986, 0.0, 0, 0.0, "curve" ],
					"cgrainenv12::volenv[1]" : [ 100.0, -2.0, 2.0, 0.0, 0.0, 0, 0.0, 50.0, 0.292682926829268, 0, 0.0, 65.975103734439827, 0.341463414634146, 0, 0.0, 85.269709543568467, -0.975609756097561, 0, 0.0, 100.0, -2.0, 0, 0.0, "curve" ],
					"cgrainenv12::volenv[2]" : [ 100.0, 0.0, 100.0, 0.0, 0.0, 0, 0.0, 49.999999999999993, 0.0, 0, 0.0, 99.999999999999986, 0.0, 0, 0.0, "curve" ],
					"cgrainenv12::volenv[3]" : [ 100.0, 0.0, 1000.0, 0.0, 0.0, 0, 0.0, 16.971924127737051, 536.585365853658573, 0, 0.0, 16.971924127737051, 597.560975609756042, 0, 0.0, 27.175283275959927, 756.097560975609781, 0, 0.0, 27.175283275959927, 865.853658536585613, 0, 0.0, 50.207468879668049, 914.63414634146352, 0, 0.0, 99.999999999999986, 0.0, 0, 0.0, "curve" ],
					"cgrainenv12::volenv[4]" : [ 100.0, 0.0, 100.0, 0.0, 0.0, 0, 0.0, 49.999999999999993, 0.0, 0, 0.0, 99.999999999999986, 0.0, 0, 0.0, "curve" ],
					"cgrainenv12::volenv[5]" : [ 100.0, -2.0, 2.0, 0.0, 0.0, 0, 0.0, 9.336099585062241, 0.341463414634146, 0, 0.0, 9.54356846473029, 0.731707317073171, 0, 0.0, 13.278008298755186, 0.390243902439024, 0, 0.0, 15.145228215767636, 1.073170731707317, 0, 0.0, 23.651452282157674, 0.731707317073171, 0, 0.0, 26.763485477178424, 1.951219512195122, 0, 0.0, 38.174273858921161, 1.317073170731707, 0, 0.0, 45.020746887966808, 0.341463414634146, 0, 0.0, 50.0, -0.48780487804878, 0, 0.0, 70.331950207468878, 0.439024390243902, 0, 0.0, 81.950207468879668, 1.024390243902439, 0, 0.0, 100.0, 1.219512195121951, 0, 0.0, "curve" ],
					"cgrainenv12::volenv[6]" : [ 100.0, -100.0, 100.0, 0.0, 0.0, 0, 0.0, 49.999999999999993, 0.0, 0, 0.0, 99.999999999999986, 0.0, 0, 0.0, "curve" ],
					"cgrainenv12::volenv[7]" : [ 100.0, -100.0, 100.0, 0.0, 0.0, 0, 0.0, 49.999999999999993, 0.0, 0, 0.0, 100.0, 100.0, 0, 0.0, "curve" ],
					"cgrainenv12::volenv[8]" : [ 100.0, 0.0, 12.0, 0.0, 0.0, 0, 0.0, 49.999999999999993, 0.0, 0, 0.0, 100.0, 6.439024390243903, 0, 0.0, "curve" ],
					"cgrainenv12::volenv[9]" : [ 100.0, -4.0, 4.0, 0.0, 0.0, 0, 0.0, 50.0, 0.0, 0, 0.0, 100.0, 0.0, 0, 0.0, "curve" ],
					"cgrainenv12::curve" : [ 1 ],
					"cgrainenv12::env-name" : [ 0 ],
					"cgrainenv12::live.button" : [ 0.0 ],
					"cgrainenv12::minval[8]" : [ 0.0 ],
					"cgrainenv12::minval[9]" : [ -4.0 ],
					"cgrainenv12::minval" : [ -30.0 ],
					"cgrainenv12::minval[10]" : [ -24.0 ],
					"cgrainenv12::minval[11]" : [ -2.0 ],
					"cgrainenv12::minval[12]" : [ -100.0 ],
					"cgrainenv12::minval[1]" : [ -2.0 ],
					"cgrainenv12::minval[2]" : [ 0.0 ],
					"cgrainenv12::minval[3]" : [ 0.0 ],
					"cgrainenv12::minval[4]" : [ 0.0 ],
					"cgrainenv12::minval[5]" : [ -2.0 ],
					"cgrainenv12::minval[6]" : [ -100.0 ],
					"cgrainenv12::minval[7]" : [ -100.0 ],
					"cgrainenv12::maxval" : [ 6.0 ],
					"cgrainenv12::maxval[10]" : [ 24.0 ],
					"cgrainenv12::maxval[11]" : [ 2.0 ],
					"cgrainenv12::maxval[12]" : [ 100.0 ],
					"cgrainenv12::maxval[1]" : [ 2.0 ],
					"cgrainenv12::maxval[2]" : [ 100.0 ],
					"cgrainenv12::maxval[3]" : [ 1000.0 ],
					"cgrainenv12::maxval[4]" : [ 100.0 ],
					"cgrainenv12::maxval[5]" : [ 2.0 ],
					"cgrainenv12::maxval[6]" : [ 100.0 ],
					"cgrainenv12::maxval[7]" : [ 100.0 ],
					"cgrainenv12::maxval[8]" : [ 12.0 ],
					"cgrainenv12::maxval[9]" : [ 4.0 ],
					"cgrainenv12::amt" : [ 100.0 ],
					"cgrainenv12::amt[10]" : [ 100.0 ],
					"cgrainenv12::amt[11]" : [ 100.0 ],
					"cgrainenv12::amt[12]" : [ 100.0 ],
					"cgrainenv12::amt[1]" : [ 100.0 ],
					"cgrainenv12::amt[2]" : [ 100.0 ],
					"cgrainenv12::amt[3]" : [ 100.0 ],
					"cgrainenv12::amt[4]" : [ 100.0 ],
					"cgrainenv12::amt[5]" : [ 100.0 ],
					"cgrainenv12::amt[6]" : [ 100.0 ],
					"cgrainenv12::amt[7]" : [ 100.0 ],
					"cgrainenv12::amt[8]" : [ 100.0 ],
					"cgrainenv12::amt[9]" : [ 100.0 ]
				}

			}
,
			"2" : 			{
				"id" : 2,
				"data" : 				{
					"mcvol" : [ -2.176643582202843 ],
					"mg" : [ 0.0 ],
					"tf-loop" : [ 50.0 ],
					"tf-range" : [ 1.0 ],
					"trig-freq" : [ 1.0 ],
					"start" : [ 26015.875 ],
					"start-1" : [ 26015.875 ],
					"start-mdir" : [ 0.0 ],
					"start-range" : [ 0.0 ],
					"start-round" : [ 0.0 ],
					"start-var" : [ 100.0 ],
					"dur-1" : [ 712.0 ],
					"dur-range" : [ 0.0 ],
					"dur-round" : [ 0.0 ],
					"dur-var" : [ 17.0 ],
					"dur[1]" : [ 80.0 ],
					"st-dur-mdir" : [ 1.0 ],
					"dur" : [ 10010.4375 ],
					"pmode" : [ 0 ],
					"trans" : [ 0.0 ],
					"trans-mdir" : [ 2.0 ],
					"trans-range" : [ 220.0 ],
					"trans-round" : [ 0.0 ],
					"trans-var" : [ 100.0 ],
					"amp" : [ 5.0 ],
					"amp-mdir" : [ 1.0 ],
					"amp-range" : [ 1.0 ],
					"amp-round" : [ 0.0 ],
					"amp-var" : [ 100.0 ],
					"filt-freq-range" : [ 34.0 ],
					"filt-freq-round" : [ 0.0 ],
					"filt-freq-var" : [ 100.0 ],
					"filt-mode" : [ 0 ],
					"freq-filt-mdir" : [ 1.0 ],
					"filt-Q" : [ 1.0 ],
					"filt-Q-range" : [ 0.0 ],
					"filt-Q-round" : [ 0.0 ],
					"filt-Q-var" : [ 0.0 ],
					"filt-freq" : [ 505.0 ],
					"q-filt-mdir" : [ 1.0 ],
					"ch-out" : [ 0.0 ],
					"ch-rng" : [ 8.0 ],
					"ch-round" : [ 1.0 ],
					"ch-var" : [ 94.0 ],
					"out-mdir" : [ 1.0 ],