{
	"pattrstorage" : 	{
		"name" : "cgrain",
		"slots" : 		{
			"2" : 			{
				"id" : 2,
				"data" : 				{
					"mcvol" : [ -0.545678778104545 ],
					"mg" : [ 0.0 ],
					"tf-loop" : [ 50.0 ],
					"tf-range" : [ 0.0 ],
					"trig-freq" : [ 8.0 ],
					"start" : [ 14731.208333333332121 ],
					"start-1" : [ 14731.208333333332121 ],
					"start-mdir" : [ 0.0 ],
					"start-range" : [ 0.0 ],
					"start-round" : [ 0.0 ],
					"start-var" : [ 31.0 ],
					"dur-1" : [ 1500.0 ],
					"dur-range" : [ 100.0 ],
					"dur-round" : [ 0.0 ],
					"dur-var" : [ 10.0 ],
					"dur[1]" : [ 5.0 ],
					"st-dur-mdir" : [ 1.0 ],
					"dur" : [ 1150.875 ],
					"pmode" : [ 0 ],
					"trans" : [ 0.0 ],
					"trans-mdir" : [ 1.0 ],
					"trans-range" : [ 0.0 ],
					"trans-round" : [ 0.0 ],
					"trans-var" : [ 0.0 ],
					"amp" : [ 0.0 ],
					"amp-mdir" : [ 1.0 ],
					"amp-range" : [ 0.0 ],
					"amp-round" : [ 0.0 ],
					"amp-var" : [ 0.0 ],
					"filt-freq-range" : [ 0.0 ],
					"filt-freq-round" : [ 0.0 ],
					"filt-freq-var" : [ 0.0 ],
					"filt-mode" : [ 0 ],
					"freq-filt-mdir" : [ 1.0 ],
					"filt-Q" : [ 1.0 ],
					"filt-Q-range" : [ 0.0 ],
					"filt-Q-round" : [ 0.0 ],
					"filt-Q-var" : [ 0.0 ],
					"filt-freq" : [ 20000.0 ],
					"q-filt-mdir" : [ 1.0 ],
					"ch-out" : [ 0.0 ],
					"ch-rng" : [ 8.0 ],
					"ch-round" : [ 1.0 ],
					"ch-var" : [ 94.0 ],
					"out-mdir" : [ 1.0 ],
					"wind-pow" : [ 0.7 ],
					"wind-sym" : [ 50.0 ],
					"eq-mix" : [ 100.0 ],
					"eq-on" : [ 1.0 ],
					"hf" : [ 2173.931894803924934 ],
					"hg" : [ 0.0 ],
					"lf" : [ 200.000000000000028 ],
					"lg" : [ 0.0 ],
					"gain" : [ 3.0 ],
					"preset-text" : [ "StarWars2" ],
					"disp::displ-len" : [ 61375.0 ],
					"disp::displ-start" : [ 7733.125 ],
					"Limi::lim-ahead" : [ 4.0 ],
					"Limi::limi-by[1]" : [ 1.0 ],
					"Limi::lim-att" : [ 2.0 ],
					"Limi::lim-rel" : [ 80.0 ],
					"Limi::lim-thresh[1]" : [ -2.0 ],
					"cgrainenv12::volenv" : [ 100.0, -30.0, 0.0, 0.0, -4.024390243902438, 0, 0.0, 24.896265560165975, 0.0, 0, 0.0, 50.0, 0.0, 0, 0.0, 74.481327800829874, 0.0, 0, 0.0, 100.0, -4.390243902439025, 0, 0.0, "curve" ],
					"cgrainenv12::volenv[10]" : [ 100.0, -24.0, 24.0, 0.0, 0.0, 0, 0.0, 50.0, 0.0, 0, 0.0, 100.0, 0.0, 0, 0.0, "curve" ],
					"cgrainenv12::volenv[11]" : [ 100.0, -2.0, 2.0, 0.0, 0.0, 0, 0.0, 50.0, 0.0, 0, 0.0, 100.0, 0.0, 0, 0.0, "curve" ],
					"cgrainenv12::volenv[12]" : [ 100.0, -100.0, 100.0, 0.0, 0.0, 0, 0.0, 50.0, 0.0, 0, 0.0, 100.0, 0.0, 0, 0.0, "curve" ],
					"cgrainenv12::volenv[1]" : [ 100.0, -2.0, 2.0, 0.0, 0.0, 0, 0.0, 50.0, 0.0, 0, 0.0, 100.0, 0.0, 0, 0.0, "curve" ],
					"cgrainenv12::volenv[2]" : [ 100.0, 0.0, 100.0, 0.0, 0.0, 0, 0.0, 50.0, 0.0, 0, 0.0, 100.0, 0.0, 0, 0.0, "curve" ],
					"cgrainenv12::volenv[3]" : [ 100.0, 0.0, 2000.0, 0.0, 0.0, 0, 0.0, 50.207468879668049, 1317.073170731707478, 0, 0.0, 100.0, 0.0, 0, 0.0, "curve" ],
					"cgrainenv12::volenv[4]" : [ 100.0, 0.0, 100.0, 0.0, 0.0, 0, 0.0, 50.0, 0.0, 0, 0.0, 100.0, 0.0, 0, 0.0, "curve" ],
					"cgrainenv12::volenv[5]" : [ 100.0, -2.0, 2.0, 0.0, 0.0, 0, 0.0, 50.0, 0.0, 0, 0.0, 100.0, 0.0, 0, 0.0, "curve" ],
					"cgrainenv12::volenv[6]" : [ 100.0, -100.0, 100.0, 0.0, 0.0, 0, 0.0, 49.999999999999993, 0.0, 0, 0.0, 99.999999999999986, 0.0, 0, 0.0, "curve" ],
					"cgrainenv12::volenv[7]" : [ 100.0, -100.0, 100.0, 0.0, 0.0, 0, 0.0, 50.0, 0.0, 0, 0.0, 100.0, 0.0, 0, 0.0, "curve" ],
					"cgrainenv12::volenv[8]" : [ 100.0, 0.0, 12.0, 0.0, 0.0, 0, 0.0, 50.0, 0.0, 0, 0.0, 100.0, 0.0, 0, 0.0, "curve" ],
					"cgrainenv12::volenv[9]" : [ 100.0, -4.0, 4.0, 0.0, 0.0, 0, 0.0, 50.0, 0.0, 0, 0.0, 100.0, 0.0, 0, 0.0, "curve" ],
					"cgrainenv12::curve" : [ 1 ],
					"cgrainenv12::env-name" : [ 0 ],
					"cgrainenv12::live.button" : [ 0.0 ],
					"cgrainenv12::minval[8]" : [ 0.0 ],
					"cgrainenv12::minval[9]" : [ -4.0 ],
					"cgrainenv12::minval" : [ -30.0 ],
					"cgrainenv12::minval[10]" : [ -24.0 ],
					"cgrainenv12::minval[11]" : [ -2.0 ],
					"cgrainenv12::minval[12]" : [ -100.0 ],
					"cgrainenv12::minval[1]" : [ -2.0 ],
					"cgrainenv12::minval[2]" : [ 0.0 ],
					"cgrainenv12::minval[3]" : [ 0.0 ],
					"cgrainenv12::minval[4]" : [ 0.0 ],
					"cgrainenv12::minval[5]" : [ -2.0 ],
					"cgrainenv12::minval[6]" : [ -100.0 ],
					"cgrainenv12::minval[7]" : [ -100.0 ],
					"cgrainenv12::maxval" : [ 0.0 ],
					"cgrainenv12::maxval[10]" : [ 24.0 ],
					"cgrainenv12::maxval[11]" : [ 2.0 ],
					"cgrainenv12::maxval[12]" : [ 100.0 ],
					"cgrainenv12::maxval[1]" : [ 2.0 ],
					"cgrainenv12::maxval[2]" : [ 100.0 ],
					"cgrainenv12::maxval[3]" : [ 2000.0 ],
					"cgrainenv12::maxval[4]" : [ 100.0 ],
					"cgrainenv12::maxval[5]" : [ 2.0 ],
					"cgrainenv12::maxval[6]" : [ 100.0 ],
					"cgrainenv12::maxval[7]" : [ 100.0 ],
					"cgrainenv12::maxval[8]" : [ 12.0 ],
					"cgrainenv12::maxval[9]" : [ 4.0 ],
					"cgrainenv12::amt" : [ 100.0 ],
					"cgrainenv12::amt[10]" : [ 100.0 ],
					"cgrainenv12::amt[11]" : [ 100.0 ],
					"cgrainenv12::amt[12]" : [ 100.0 ],
					"cgrainenv12::amt[1]" : [ 100.0 ],
					"cgrainenv12::amt[2]" : [ 100.0 ],
					"cgrainenv12::amt[3]" : [ 100.0 ],
					"cgrainenv12::amt[4]" : [ 100.0 ],
					"cgrainenv12::amt[5]" : [ 100.0 ],
					"cgrainenv12::amt[6]" : [ 100.0 ],
					"cgrainenv12::amt[7]" : [ 100.0 ],
					"cgrainenv12::amt[8]" : [ 100.0 ],
					"cgrainenv12::amt[9]" : [ 100.0 ]
				}

			}
,
			"3" : 			{
				"id" : 3,
				"data" : 				{
					"mcvol" : [ -0.545678778104545 ],
					"mg" : [ 0.0 ],
					"tf-loop" : [ 50.0 ],
					"tf-range" : [ 0.0 ],
					"trig-freq" : [ 8.0 ],
					"start" : [ 14731.208333333332121 ],
					"start-1" : [ 14731.208333333332121 ],
					"start-mdir" : [ 0.0 ],
					"start-range" : [ 0.0 ],
					"start-round" : [ 0.0 ],
					"start-var" : [ 31.0 ],
					"dur-1" : [ 1500.0 ],
					"dur-range" : [ 100.0 ],
					"dur-round" : [ 0.0 ],
					"dur-var" : [ 10.0 ],
					"dur[1]" : [ 5.0 ],
					"st-dur-mdir" : [ 1.0 ],
					"dur" : [ 1150.875 ],
					"pmode" : [ 0 ],
					"trans" : [ -1200.0 ],
					"trans-mdir" : [ 1.0 ],
					"trans-range" : [ 0.0 ],
					"trans-round" : [ 0.0 ],
					"trans-var" : [ 0.0 ],
					"amp" : [ 0.0 ],
					"amp-mdir" : [ 1.0 ],
					"amp-range" : [ 0.0 ],
					"amp-round" : [ 0.0 ],
					"amp-var" : [ 0.0 ],
					"filt-freq-range" : [ 0.0 ],
					"filt-freq-round" : [ 0.0 ],
					"filt-freq-var" : [ 0.0 ],
					"filt-mode" : [ 0 ],
					"freq-filt-mdir" : [ 1.0 ],
					"filt-Q" : [ 1.0 ],
					"filt-Q-range" : [ 0.0 ],
					"filt-Q-round" : [ 0.0 ],
					"filt-Q-var" : [ 0.0 ],
					"filt-freq" : [ 20000.0 ],
					"q-filt-mdir" : [ 1.0 ],
					"ch-out" : [ 0.0 ],
					"ch-rng" : [ 8.0 ],
					"ch-round" : [ 1.0 ],
					"ch-var" : [ 94.0 ],
					"out-mdir" : [ 1.0 ],
					"wind-pow" : [ 0.7 ],
					"wind-sym" : [ 50.0 ],
					"eq-mix" : [ 100.0 ],
					"eq-on" : [ 1.0 ],
					"hf" : [ 2173.931894803924934 ],
					"hg" : [ 0.0 ],
					"lf" : [ 200.000000000000028 ],
					"lg" : [ 0.0 ],
					"gain" : [ 3.0 ],
					"preset-text" : [ "StarWars3" ],
					"disp::displ-len" : [ 61375.0 ],
					"disp::displ-start" : [ 7733.125 ],
					"Limi::lim-ahead" : [ 4.0 ],
					"Limi::limi-by[1]" : [ 1.0 ],
					"Limi::lim-att" : [ 2.0 ],
					"Limi::lim-rel" : [ 80.0 ],
					"Limi::lim-thresh[1]" : [ -2.0 ],
					"cgrainenv12::volenv" : [ 100.0, -30.0, 0.0, 0.0, -3.658536585365855, 0, 0.0, 24.896265560165975, 0.0, 0, 0.0, 50.0, 0.0, 0, 0.0, 74.68879668049793, 0.0, 0, 0.0, 100.0, -3.658536585365855, 0, 0.0, "curve" ],
					"cgrainenv12::volenv[10]" : [ 100.0, -24.0, 24.0, 0.0, 0.0, 0, 0.0, 50.0, 0.0, 0, 0.0, 100.0, 0.0, 0, 0.0, "curve" ],
					"cgrainenv12::volenv[11]" : [ 100.0, -2.0, 2.0, 0.0, 0.0, 0, 0.0, 50.0, 0.0, 0, 0.0, 100.0, 0.0, 0, 0.0, "curve" ],