{
	"pattrstorage" : 	{
		"name" : "A_creso",
		"slots" : 		{
			"1" : 			{
				"id" : 1,
				"data" : 				{
					"A_am2-inbus[1]" : [ 0 ],
					"HP_on" : [ 0.0 ],
					"autorot-on" : [ 0.0 ],
					"autorot-speed" : [ 0.999999999999979 ],
					"comment" : [ "---\n" ],
					"detune" : [ 0.0 ],
					"edit-mode" : [ 0.0 ],
					"freq-slide" : [ 99.999999999999574 ],
					"gain" : [ 0.0 ],
					"hpf" : [ 707.594602652239814 ],
					"lpf" : [ 16000.0 ],
					"mc.live.gain~[8]" : [ -9.131605792818066 ],
					"mix" : [ 100.0 ],
					"multislider" : [ 0.277777777777647, 0.277777777777647, 0.277777777777647, 0.277777777777647, 0.277777777777647, 0.277777777777647, 0.277777777777647, 0.250000000000135 ],
					"number[2]" : [ 100 ],
					"rot-slide" : [ 99.999999999999659 ],
					"show-mix" : [ 100.0 ],
					"show-vol" : [ 0.0 ],
					"show-vol[1]" : [ 1.0 ],
					"show-vol[2]" : [ 0.0 ],
					"stspread" : [ 2.0 ],
					"mc.edit1[3]::numdev1" : [ 0.5 ],
					"mc.edit1[3]::numdev2" : [ 0.0 ],
					"mc.edit1[3]::numease1" : [ 0.5 ],
					"mc.edit1[3]::numease2" : [ 0.0 ],
					"mc.edit1[3]::numexp1" : [ 0.5 ],
					"mc.edit1[3]::numexp2" : [ 0.0 ],
					"mc.edit1[3]::numharm1" : [ 0.5 ],
					"mc.edit1[3]::numharm2" : [ 0.0 ],
					"mc.edit1[3]::numinc1" : [ 0.06 ],
					"mc.edit1[3]::numinc2" : [ 156.800000000000011 ],
					"mc.edit1[3]::numscalexp1" : [ 0.5 ],
					"mc.edit1[3]::numscalexp2" : [ 0.0 ],
					"mc.edit1[3]::numspread1" : [ 0.5 ],
					"mc.edit1[3]::numspread2" : [ 0.0 ],
					"mc.edit1[3]::numsubharm1" : [ 0.5 ],
					"mc.edit1[3]::numsubharm2" : [ 0.0 ],
					"mc.edit1[2]::numdev1" : [ 0.5 ],
					"mc.edit1[2]::numdev2" : [ 3.0 ],
					"mc.edit1[2]::numease1" : [ 0.5 ],
					"mc.edit1[2]::numease2" : [ 3.0 ],
					"mc.edit1[2]::numexp1" : [ 0.5 ],
					"mc.edit1[2]::numexp2" : [ 3.0 ],
					"mc.edit1[2]::numharm1" : [ 0.5 ],
					"mc.edit1[2]::numharm2" : [ 3.0 ],
					"mc.edit1[2]::numinc1" : [ 0.5 ],
					"mc.edit1[2]::numinc2" : [ 12.0 ],
					"mc.edit1[2]::numscalexp1" : [ 0.5 ],
					"mc.edit1[2]::numscalexp2" : [ 3.0 ],
					"mc.edit1[2]::numspread1" : [ 0.5 ],
					"mc.edit1[2]::numspread2" : [ 3.0 ],
					"mc.edit1[2]::numsubharm1" : [ 0.5 ],
					"mc.edit1[2]::numsubharm2" : [ 3.0 ],
					"mc.edit1[4]::numdev1" : [ 0.0 ],
					"mc.edit1[4]::numdev2" : [ 0.0 ],
					"mc.edit1[4]::numease1" : [ 0.0 ],
					"mc.edit1[4]::numease2" : [ 0.0 ],
					"mc.edit1[4]::numexp1" : [ 0.0 ],
					"mc.edit1[4]::numexp2" : [ 0.0 ],
					"mc.edit1[4]::numharm1" : [ 0.0 ],
					"mc.edit1[4]::numharm2" : [ 0.0 ],
					"mc.edit1[4]::numinc1" : [ 0.0 ],
					"mc.edit1[4]::numinc2" : [ 50.0 ],
					"mc.edit1[4]::numscalexp1" : [ 0.0 ],
					"mc.edit1[4]::numscalexp2" : [ 0.0 ],
					"mc.edit1[4]::numspread1" : [ 0.0 ],
					"mc.edit1[4]::numspread2" : [ 0.0 ],
					"mc.edit1[4]::numsubharm1" : [ 0.0 ],
					"mc.edit1[4]::numsubharm2" : [ 0.0 ],
					"xmod8a::mc-fader8" : [ 1.0, 0.302144213959023, 0.243664679703889, 0.2046783235338, 1.0, 1.0, 0.029239720768399, 0.0 ],
					"xmod8a::mod-on" : [ 0.0 ],
					"xmod8a::rslider" : [ 0, 99 ],
					"xmod8a::sr-mix" : [ 25.0 ],
					"xmod8a::mc.opx1a::numdev1" : [ 0.0 ],
					"xmod8a::mc.opx1a::numdev2" : [ 0.1 ],
					"xmod8a::mc.opx1a::numexp1" : [ 0.0 ],
					"xmod8a::mc.opx1a::numexp2" : [ 0.1 ],
					"xmod8a::mc.opx1a::numharm1" : [ 0.0 ],
					"xmod8a::mc.opx1a::numharm2" : [ 0.1 ],
					"xmod8a::mc.opx1a::numinc1" : [ 0.0 ],
					"xmod8a::mc.opx1a::numinc2" : [ 0.1 ],
					"xmod8a::mc.opx1a::numscalexp1" : [ 0.0 ],
					"xmod8a::mc.opx1a::numscalexp2" : [ 0.1 ],
					"xmod8a::mc.opx1a::numspread1" : [ 0.0 ],
					"xmod8a::mc.opx1a::numspread2" : [ 0.1 ],
					"xmod8a::mc.opx1a::numsubharm1" : [ 0.0 ],
					"xmod8a::mc.opx1a::numsubharm2" : [ 0.1 ],
					"xmod8a::mc.opx1a::operator" : [ 1 ],
					"blpenv12::amt" : [ 100.0 ],
					"blpenv12::amt[1]" : [ 100.0 ],
					"blpenv12::amt[2]" : [ 100.0 ],
					"blpenv12::amt[3]" : [ 100.0 ],
					"blpenv12::amt[4]" : [ 100.0 ],
					"blpenv12::amt[5]" : [ 100.0 ],
					"blpenv12::amt[6]" : [ 100.0 ],
					"blpenv12::amt[7]" : [ 100.0 ],
					"blpenv12::amt[8]" : [ 100.0 ],
					"blpenv12::amt[9]" : [ 100.0 ],
					"blpenv12::curve" : [ 1.0 ],
					"blpenv12::env-name" : [ 9 ],
					"blpenv12::live.button" : [ 0.0 ],
					"blpenv12::maxval" : [ 6.0 ],
					"blpenv12::maxval[1]" : [ 50.0 ],
					"blpenv12::maxval[2]" : [ 2.0 ],
					"blpenv12::maxval[3]" : [ 24.0 ],
					"blpenv12::maxval[4]" : [ 100.0 ],
					"blpenv12::maxval[5]" : [ 100.0 ],
					"blpenv12::maxval[6]" : [ 50.0 ],
					"blpenv12::maxval[7]" : [ 2.0 ],
					"blpenv12::maxval[8]" : [ 2.0 ],
					"blpenv12::maxval[9]" : [ 100.0 ],
					"blpenv12::minval" : [ -30.0 ],
					"blpenv12::minval[1]" : [ -50.0 ],
					"blpenv12::minval[2]" : [ -2.0 ],
					"blpenv12::minval[3]" : [ -24.0 ],
					"blpenv12::minval[4]" : [ -100.0 ],
					"blpenv12::minval[5]" : [ -100.0 ],
					"blpenv12::minval[6]" : [ -50.0 ],
					"blpenv12::minval[7]" : [ -2.0 ],
					"blpenv12::minval[8]" : [ -2.0 ],
					"blpenv12::minval[9]" : [ 0.0 ],
					"blpenv12::volenv" : [ 130000.0, -30.0, 6.0, 0.0, 0.0, 0, 0.0, 65000.0, 0.0, 0, 0.0, 130000.0, 0.0, 0, 0.0, "curve" ],
					"blpenv12::volenv[1]" : [ 130000.0, -50.0, 50.0, 0.0, 0.0, 0, 0.0, 65000.0, 0.0, 0, 0.0, 130000.0, 0.0, 0, 0.0, "curve" ],
					"blpenv12::volenv[2]" : [ 130000.0, -2.0, 2.0, 0.0, 0.0, 0, 0.0, 65000.0, 0.0, 0, 0.0, 130000.0, 0.0, 0, 0.0, "curve" ],
					"blpenv12::volenv[3]" : [ 130000.0, -24.0, 24.0, 0.0, 0.0, 0, 0.0, 65000.0, 0.0, 0, 0.0, 130000.0, 0.0, 0, 0.0, "curve" ],
					"blpenv12::volenv[4]" : [ 130000.0, -100.0, 100.0, 0.0, 0.0, 0, 0.0, 65000.0, 0.0, 0, 0.0, 130000.0, 0.0, 0, 0.0, "curve" ],
					"blpenv12::volenv[5]" : [ 130000.0, -100.0, 100.0, 0.0, 0.0, 0, 0.0, 65000.0, 0.0, 0, 0.0, 130000.0, 0.0, 0, 0.0, "curve" ],
					"blpenv12::volenv[6]" : [ 130000.0, -50.0, 50.0, 0.0, 0.0, 0, 0.0, 65000.0, 0.0, 0, 0.0, 130000.0, 0.0, 0, 0.0, "curve" ],
					"blpenv12::volenv[7]" : [ 130000.0, -2.0, 2.0, 0.0, 0.0, 0, 0.0, 65000.0, 0.0, 0, 0.0, 130000.0, 0.0, 0, 0.0, "curve" ],
					"blpenv12::volenv[8]" : [ 130000.0, -2.0, 2.0, 0.0, 0.0, 0, 0.0, 65000.0, 0.0, 0, 0.0, 130000.0, 0.0, 0, 0.0, "curve" ],
					"blpenv12::volenv[9]" : [ 130000.0, 0.0, 100.0, 0.0, 100.0, 0, 0.0, 65000.0, 100.0, 0, 0.0, 130000.0, 100.0, 0, 0.0, "curve" ]
				}

			}
,
			"2" : 			{
				"id" : 2,
				"data" : 				{
					"A_am2-inbus[1]" : [ 0 ],
					"HP_on" : [ 0.0 ],
					"autorot-on" : [ 0.0 ],
					"autorot-speed" : [ 0.999999999999979 ],
					"comment" : [ "---\n" ],
					"detune" : [ 0.0 ],
					"edit-mode" : [ 1.0 ],
					"freq-slide" : [ 99.999999999999574 ],
					"gain" : [ 0.0 ],
					"hpf" : [ 707.594602652239814 ],
					"lpf" : [ 16000.0 ],
					"mc.live.gain~[8]" : [ -9.131605792818066 ],
					"mix" : [ 100.0 ],
					"multislider" : [ 0.277777777777647, 0.277777777777647, 0.277777777777647, 0.277777777777647, 0.277777777777647, 0.277777777777647, 0.277777777777647, 0.250000000000135 ],
					"number[2]" : [ 100 ],
					"rot-slide" : [ 99.999999999999659 ],
					"show-mix" : [ 100.0 ],
					"show-vol" : [ 0.0 ],
					"show-vol[1]" : [ 1.0 ],
					"show-vol[2]" : [ 0.0 ],
					"stspread" : [ 2.0 ],
					"mc.edit1[3]::numdev1" : [ 0.5 ],
					"mc.edit1[3]::numdev2" : [ 0.0 ],
					"mc.edit1[3]::numease1" : [ 0.5 ],
					"mc.edit1[3]::numease2" : [ 0.0 ],
					"mc.edit1[3]::numexp1" : [ 0.5 ],
					"mc.edit1[3]::numexp2" : [ 0.0 ],
					"mc.edit1[3]::numharm1" : [ 0.5 ],
					"mc.edit1[3]::numharm2" : [ 0.0 ],
					"mc.edit1[3]::numinc1" : [ 0.06 ],
					"mc.edit1[3]::numinc2" : [ 157.008999999999986 ],
					"mc.edit1[3]::numscalexp1" : [ 0.5 ],
					"mc.edit1[3]::numscalexp2" : [ 0.0 ],
					"mc.edit1[3]::numspread1" : [ 0.5 ],
					"mc.edit1[3]::numspread2" : [ 0.0 ],
					"mc.edit1[3]::numsubharm1" : [ 0.5 ],
					"mc.edit1[3]::numsubharm2" : [ 0.0 ],
					"mc.edit1[2]::numdev1" : [ 0.5 ],
					"mc.edit1[2]::numdev2" : [ 3.0 ],
					"mc.edit1[2]::numease1" : [ 0.5 ],