{
	"pattrstorage" : 	{
		"name" : "0.phaser4",
		"slots" : 		{
			"1" : 			{
				"id" : 1,
				"data" : 				{
					"bass_freq" : [ 120.000000000000043 ],
					"blend" : [ 50.0 ],
					"blend[1]" : [ 50.0 ],
					"blend[2]" : [ 50.0 ],
					"blend[3]" : [ 50.0 ],
					"center" : [ 100.0 ],
					"center[1]" : [ 199.999999999999972 ],
					"center[2]" : [ 400.000000000000057 ],
					"center[3]" : [ 800.000000000000227 ],
					"duty" : [ 0.0 ],
					"env_amount" : [ 0.0 ],
					"env_amount[1]" : [ 0.0 ],
					"env_amount[2]" : [ 0.0 ],
					"env_amount[3]" : [ 0.0 ],
					"env_attack" : [ 0.128135656271312 ],
					"env_release" : [ 0.238179676359354 ],
					"envelope" : [ 1.0 ],
					"feed" : [ 81.102362204724457 ],
					"feed[1]" : [ 80.708661417322787 ],
					"feed[2]" : [ 83.85826771653538 ],
					"feed[3]" : [ 71.259842519685009 ],
					"invert" : [ 0.0 ],
					"invert[1]" : [ 0.0 ],
					"invert[2]" : [ 0.0 ],
					"invert[3]" : [ 0.0 ],
					"lfo1_freq" : [ 0.023463946927894 ],
					"lfo1_freq[1]" : [ 0.018379936759873 ],
					"lfo1_freq[2]" : [ 0.066988033976068 ],
					"lfo1_freq[3]" : [ 0.086456072912146 ],
					"lfo2_freq" : [ 1.398285702567878 ],
					"lfo_blend" : [ 0.0 ],
					"live.menu" : [ 8.0 ],
					"matrixctrl[1]" : [ 0, 0, 1.0, 1, 1, 1.0, 2, 2, 1.0, 3, 3, 1.0, 4, 4, 1.0, 5, 5, 1.0, 6, 6, 1.0, 7, 7, 1.0 ],
					"mix" : [ 100.0 ],
					"mix[1]" : [ 100.0 ],
					"mix[2]" : [ 100.0 ],
					"mix[3]" : [ 100.0 ],
					"mod" : [ 27.831855663711263 ],
					"mod[1]" : [ 32.140864281728511 ],
					"mod[2]" : [ 31.959103471106943 ],
					"mod[3]" : [ 37.523946421952836 ],
					"notches" : [ 9.0 ],
					"preset-text" : [ "----" ],
					"spin" : [ 55.905511811023636 ],
					"spread" : [ 34.645669291338557 ],
					"spread[1]" : [ 37.795275590551157 ],
					"spread[2]" : [ 34.251968503937022 ],
					"spread[3]" : [ 34.251968503937036 ],
					"stereo" : [ 0.0 ],
					"stereo_phase" : [ 0.0 ],
					"vol" : [ -5.635799046245992 ],
					"warmth" : [ 10.0 ]
				}

			}

		}

	}

}
