{
	"pattrstorage" : 	{
		"name" : "blend",
		"slots" : 		{
			"1" : 			{
				"id" : 1,
				"data" : 				{
					"blend.function" : [ "data", 0, 20, 1000.0, 0.0, 1.0, 0.0, 1.0, 0, 0.0, 0.0, 1.0, 0, 0.0, 1000.0, 0.0, 0, 0.0, 1000.0, 0.0, 0, 0.0, "curve", "data", 1, 20, 1000.0, 0.0, 1.0, 0.0, 0.0, 0, 0.0, 0.0, 0.0, 0, 0.0, 1000.0, 1.0, 0, 0.0, 1000.0, 1.0, 0, 0.0, "curve" ],
					"preset-step-max" : [  ],
					"preset-step-min" : [  ],
					"output::blend.env2" : [ "data", 0, 20, 1000.0, 0.0, 1.0, 0.0, 1.0, 0, 0.0, 5.0, 1.0, 0, 0.0, 993.0, 0.0, 0, 0.0, 1000.0, 0.0, 0, 0.0, "curve", "data", 1, 20, 1000.0, 0.0, 1.0, 0.0, 0.0, 0, 0.0, 5.0, 0.0, 0, 0.0, 993.0, 1.0, 0, 0.0, 1000.0, 1.0, 0, 0.0, "curve" ]
				}

			}
,
			"2" : 			{
				"id" : 2,
				"data" : 				{
					"blend.function" : [ "data", 0, 20, 1000.0, 0.0, 1.0, 0.0, 1.0, 0, 0.0, 0.0, 1.0, 0, 0.0, 1000.0, 0.0, 0, 0.0, 1000.0, 0.0, 0, 0.0, "curve", "data", 1, 20, 1000.0, 0.0, 1.0, 0.0, 0.0, 0, 0.0, 0.0, 0.0, 0, 0.0, 1000.0, 1.0, 0, 0.0, 1000.0, 1.0, 0, 0.0, "curve" ],
					"preset-step-max" : [  ],
					"preset-step-min" : [  ],
					"output::blend.env2" : [ "data", 0, 20, 1000.0, 0.0, 1.0, 0.0, 1.0, 0, 0.0, 5.0, 1.0, 0, 0.0, 993.0, 0.0, 0, 0.0, 1000.0, 0.0, 0, 0.0, "curve", "data", 1, 20, 1000.0, 0.0, 1.0, 0.0, 0.0, 0, 0.0, 5.0, 0.0, 0, 0.0, 993.0, 1.0, 0, 0.0, 1000.0, 1.0, 0, 0.0, "curve" ]
				}

			}
,
			"3" : 			{
				"id" : 3,
				"data" : 				{
					"blend.function" : [ "data", 0, 20, 1000.0, 0.0, 1.0, 0.0, 1.0, 0, -0.094488188976378, 0.0, 1.0, 0, -0.094488188976378, 1000.0, 0.0, 0, -0.094488188976378, 1000.0, 0.0, 0, -0.094488188976378, "curve", "data", 1, 20, 1000.0, 0.0, 1.0, 0.0, 0.0, 0, 0.094488188976378, 0.0, 0.0, 0, 0.094488188976378, 1000.0, 1.0, 0, 0.094488188976378, 1000.0, 1.0, 0, 0.094488188976378, "curve" ],
					"preset-step-max" : [ 5.0 ],
					"preset-step-min" : [ 1.0 ],
					"output::blend.env2" : [ "data", 0, 20, 1000.0, 0.0, 1.0, 0.0, 1.0, 0, -0.094488188976378, 15.0, 1.0, 0, -0.094488188976378, 983.0, 0.0, 0, -0.094488188976378, 1000.0, 0.0, 0, -0.094488188976378, "curve", "data", 1, 20, 1000.0, 0.0, 1.0, 0.0, 0.0, 0, 0.094488188976378, 15.0, 0.0, 0, 0.094488188976378, 983.0, 1.0, 0, 0.094488188976378, 1000.0, 1.0, 0, 0.094488188976378, "curve" ]
				}

			}
,
			"4" : 			{
				"id" : 4,
				"data" : 				{
					"blend.function" : [ "data", 0, 20, 1000.0, 0.0, 1.0, 0.0, 1.0, 0, 0.0, 0.0, 1.0, 0, 0.0, 1000.0, 0.0, 0, 0.0, 1000.0, 0.0, 0, 0.0, "curve", "data", 1, 20, 1000.0, 0.0, 1.0, 0.0, 0.0, 0, 0.0, 0.0, 0.0, 0, 0.0, 1000.0, 1.0, 0, 0.0, 1000.0, 1.0, 0, 0.0, "curve" ],
					"preset-step-max" : [  ],
					"preset-step-min" : [  ],
					"output::blend.env2" : [ "data", 0, 20, 1000.0, 0.0, 1.0, 0.0, 1.0, 0, 0.0, 5.0, 1.0, 0, 0.0, 993.0, 0.0, 0, 0.0, 1000.0, 0.0, 0, 0.0, "curve", "data", 1, 20, 1000.0, 0.0, 1.0, 0.0, 0.0, 0, 0.0, 5.0, 0.0, 0, 0.0, 993.0, 1.0, 0, 0.0, 1000.0, 1.0, 0, 0.0, "curve" ]
				}

			}
,
			"5" : 			{
				"id" : 5,
				"data" : 				{
					"blend.function" : [ "data", 0, 20, 1000.0, 0.0, 1.0, 0.0, 1.0, 0, 0.0, 0.0, 1.0, 0, 0.0, 1000.0, 0.0, 0, 0.0, 1000.0, 0.0, 0, 0.0, "curve", "data", 1, 20, 1000.0, 0.0, 1.0, 0.0, 0.0, 0, 0.0, 0.0, 0.0, 0, 0.0, 1000.0, 1.0, 0, 0.0, 1000.0, 1.0, 0, 0.0, "curve" ],
					"preset-step-max" : [  ],
					"preset-step-min" : [  ],
					"output::blend.env2" : [ "data", 0, 20, 1000.0, 0.0, 1.0, 0.0, 1.0, 0, 0.0, 5.0, 1.0, 0, 0.0, 993.0, 0.0, 0, 0.0, 1000.0, 0.0, 0, 0.0, "curve", "data", 1, 20, 1000.0, 0.0, 1.0, 0.0, 0.0, 0, 0.0, 5.0, 0.0, 0, 0.0, 993.0, 1.0, 0, 0.0, 1000.0, 1.0, 0, 0.0, "curve" ]
				}

			}
,
			"21" : 			{
				"id" : 21,
				"data" : 				{
					"blend.function" : [ "data", 0, 20, 1000.0, 0.0, 1.0, 0.0, 1.0, 0, 0.0, 0.0, 1.0, 0, 0.0, 1000.0, 0.0, 0, 0.0, 1000.0, 0.0, 0, 0.0, "curve", "data", 1, 20, 1000.0, 0.0, 1.0, 0.0, 0.0, 0, 0.0, 0.0, 0.0, 0, 0.0, 1000.0, 1.0, 0, 0.0, 1000.0, 1.0, 0, 0.0, "curve" ],
					"preset-step-max" : [  ],
					"preset-step-min" : [  ],
					"output::blend.env2" : [ "data", 0, 20, 1000.0, 0.0, 1.0, 0.0, 1.0, 0, 0.0, 0.0, 1.0, 0, 0.0, 1000.0, 0.0, 0, 0.0, 1000.0, 0.0, 0, 0.0, "curve", "data", 1, 20, 1000.0, 0.0, 1.0, 0.0, 0.0, 0, 0.015748031496063, 0.0, 0.0, 0, 0.015748031496063, 1000.0, 1.0, 0, 0.015748031496063, 1000.0, 1.0, 0, 0.015748031496063, "curve" ]
				}

			}
,
			"22" : 			{
				"id" : 22,
				"data" : 				{
					"blend.function" : [ "data", 0, 20, 1000.0, 0.0, 1.0, 0.0, 1.0, 0, 0.409448818897637, 0.0, 1.0, 0, 0.409448818897637, 1000.0, 0.0, 0, 0.409448818897637, 1000.0, 0.0, 0, 0.409448818897637, "curve", "data", 1, 20, 1000.0, 0.0, 1.0, 0.0, 0.0, 0, -0.409448818897637, 0.0, 0.0, 0, -0.409448818897637, 1000.0, 1.0, 0, -0.409448818897637, 1000.0, 1.0, 0, -0.409448818897637, "curve" ],
					"preset-step-max" : [  ],
					"preset-step-min" : [  ],
					"output::blend.env2" : [ "data", 0, 20, 1000.0, 0.0, 1.0, 0.0, 1.0, 0, 0.409448818897637, 0.0, 1.0, 0, 0.409448818897637, 1000.0, 0.0, 0, 0.409448818897637, 1000.0, 0.0, 0, 0.409448818897637, "curve", "data", 1, 20, 1000.0, 0.0, 1.0, 0.0, 0.0, 0, -0.409448818897637, 0.0, 0.0, 0, -0.409448818897637, 1000.0, 1.0, 0, -0.409448818897637, 1000.0, 1.0, 0, -0.409448818897637, "curve" ]
				}

			}
,
			"23" : 			{
				"id" : 23,
				"data" : 				{
					"blend.function" : [ "data", 0, 20, 1000.0, 0.0, 1.0, 0.0, 1.0, 0, 0.598425196850393, 0.0, 1.0, 0, 0.598425196850393, 1000.0, 0.0, 0, 0.598425196850393, 1000.0, 0.0, 0, 0.598425196850393, "curve", "data", 1, 20, 1000.0, 0.0, 1.0, 0.0, 0.0, 0, -0.598425196850393, 0.0, 0.0, 0, -0.598425196850393, 1000.0, 1.0, 0, -0.598425196850393, 1000.0, 1.0, 0, -0.598425196850393, "curve" ],
					"preset-step-max" : [  ],
					"preset-step-min" : [  ],
					"output::blend.env2" : [ "data", 0, 20, 1000.0, 0.0, 1.0, 0.0, 1.0, 0, 0.598425196850393, 0.0, 1.0, 0, 0.598425196850393, 1000.0, 0.0, 0, 0.598425196850393, 1000.0, 0.0, 0, 0.598425196850393, "curve", "data", 1, 20, 1000.0, 0.0, 1.0, 0.0, 0.0, 0, -0.598425196850393, 0.0, 0.0, 0, -0.598425196850393, 1000.0, 1.0, 0, -0.598425196850393, 1000.0, 1.0, 0, -0.598425196850393, "curve" ]
				}

			}
,
			"24" : 			{
				"id" : 24,
				"data" : 				{
					"blend.function" : [ "data", 0, 20, 1000.0, 0.0, 1.0, 0.0, 1.0, 0, 0.69291338582677, 0.0, 1.0, 0, 0.69291338582677, 1000.0, 0.0, 0, 0.69291338582677, 1000.0, 0.0, 0, 0.69291338582677, "curve", "data", 1, 20, 1000.0, 0.0, 1.0, 0.0, 0.0, 0, -0.69291338582677, 0.0, 0.0, 0, -0.69291338582677, 1000.0, 1.0, 0, -0.69291338582677, 1000.0, 1.0, 0, -0.69291338582677, "curve" ],
					"preset-step-max" : [  ],
					"preset-step-min" : [  ],
					"output::blend.env2" : [ "data", 0, 20, 1000.0, 0.0, 1.0, 0.0, 1.0, 0, 0.69291338582677, 0.0, 1.0, 0, 0.69291338582677, 1000.0, 0.0, 0, 0.69291338582677, 1000.0, 0.0, 0, 0.69291338582677, "curve", "data", 1, 20, 1000.0, 0.0, 1.0, 0.0, 0.0, 0, -0.661417322834644, 0.0, 0.0, 0, -0.661417322834644, 1000.0, 1.0, 0, -0.661417322834644, 1000.0, 1.0, 0, -0.661417322834644, "curve" ]
				}

			}
,
			"25" : 			{
				"id" : 25,
				"data" : 				{
					"blend.function" : [ "data", 0, 20, 1000.0, 0.0, 1.0, 0.0, 1.0, 0, 0.771653543307085, 0.0, 1.0, 0, 0.771653543307085, 1000.0, 0.0, 0, 0.771653543307085, 1000.0, 0.0, 0, 0.771653543307085, "curve", "data", 1, 20, 1000.0, 0.0, 1.0, 0.0, 0.0, 0, -0.771653543307085, 0.0, 0.0, 0, -0.771653543307085, 1000.0, 1.0, 0, -0.771653543307085, 1000.0, 1.0, 0, -0.771653543307085, "curve" ],
					"preset-step-max" : [  ],
					"preset-step-min" : [  ],