{
	"pattrstorage" : 	{
		"name" : "blend_filter",
		"slots" : 		{
			"1" : 			{
				"id" : 1,
				"data" : 				{
					"filtergraph~" : [ 2, 0, 6, 1, 0, 0, 128.940444946289062, 1.00800347328186, 0.295284122228622, 1, 7, 1, 0, 0, 1229.3406982421875, 0.229683056473732, 0.264238566160202 ],
					"button[10]" : [ 0.0 ],
					"live.button[3]" : [  ],
					"live.button[2]" : [  ]
				}

			}
,
			"2" : 			{
				"id" : 2,
				"data" : 				{
					"filtergraph~" : [ 2, 0, 6, 1, 0, 0, 128.940444946289062, 1.00800347328186, 0.295284122228622, 1, 7, 1, 0, 0, 6007.150390625, 1.00800347328186, 0.264238566160202 ],
					"button[10]" : [ 0.0 ],
					"live.button[3]" : [  ],
					"live.button[2]" : [  ]
				}

			}
,
			"3" : 			{
				"id" : 3,
				"data" : 				{
					"filtergraph~" : [ 2, 0, 6, 1, 0, 0, 224.185684204101562, 0.229683056473732, 0.295284122228622, 1, 7, 1, 0, 0, 960.8355712890625, 2.865805625915527, 0.264238566160202 ],
					"button[10]" : [ 0.0 ],
					"live.button[3]" : [  ],
					"live.button[2]" : [  ]
				}

			}

		}

	}

}
