{
	"pattrstorage" : 	{
		"name" : "rev28.json",
		"slots" : 		{
			"1" : 			{
				"id" : 1,
				"data" : 				{
					"air" : [ 1.0 ],
					"air-freq" : [ 5000.0 ],
					"button[8]" : [ 1.0 ],
					"cluster-db[1]" : [ -8.229447125560919 ],
					"cluster-dist" : [ 61.236220472440941 ],
					"cluster-max" : [ 289.906774123061268 ],
					"cluster-min" : [ 107.061973188584602 ],
					"cluster-on" : [ 1.0 ],
					"commentary" : [ "grosser Hall mit Echos" ],
					"early-db[1]" : [ -18.045889425112179 ],
					"early-dist" : [ 90.181102362204655 ],
					"early-max" : [ 139.415128766431025 ],
					"early-min" : [ 28.873953747907464 ],
					"early-on" : [ 1.0 ],
					"fh" : [ 3000.0 ],
					"filtergraph~" : [ 3, 0, 6, 1, 0, 0, 94.505104064941406, 1.0, 0.626761615276337, 1, 5, 1, 0, 0, 1116.239990234375, 1.552556157112122, 0.615369617938995, 2, 7, 1, 0, 0, 1834.6466064453125, 1.0, 0.585734069347382 ],
					"fl" : [ 250.0 ],
					"inbus" : [ 0 ],
					"inp-db" : [ -6.0 ],
					"live.button" : [ 0.0 ],
					"live.numbox[3]" : [ 2.000000000000004 ],
					"live.numbox[4]" : [ -23.807913948273157 ],
					"live.numbox[5]" : [ 187.483022926711044 ],
					"live.numbox[6]" : [ 4.570057262263946 ],
					"live.toggle" : [ 0.0 ],
					"live.toggle[6]" : [ 1.0 ],
					"out-db[1]" : [ -6.04094488188985 ],
					"out-row" : [ 0.0 ],
					"out-vol" : [ -6.04094488188985 ],
					"rev-db[1]" : [ 2.0 ],
					"rev-dist" : [ 50.424409448818899 ],
					"rev-max" : [ 319.475868675159859 ],
					"rev-min" : [ 73.969530772465177 ],
					"rev-on" : [ 1.0 ],
					"tr0" : [ 6504.76661987065836 ],
					"trh" : [ -6.000000000000001 ],
					"trl" : [ -1.9 ],
					"trm" : [ 0.0 ],
					"early_and_cluster::early" : [ 						{
							"/channel/number" : 28,
							"/numinputs" : 2,
							"/delays" : [ 28.873952865600586, 28.954433441162109, 33.932399749755859, 42.993606567382812, 43.909198760986328, 47.114173889160156, 51.151451110839844, 53.890373229980469, 63.781082153320312, 66.806938171386719, 75.31036376953125, 76.884330749511719, 84.250137329101562, 84.543411254882812, 84.615501403808594, 89.816146850585938, 93.762092590332031, 95.949211120605469, 102.263313293457031, 102.973274230957031, 106.423454284667969, 111.279212951660156, 118.510490417480469, 123.326934814453125, 128.998794555664062, 132.984405517578125, 133.268417358398438, 139.415130615234375 ],
							"/interpolation/mode" : "nearest",
							"/interpolation/time" : 30.0,
							"/delay/mode" : "vdelay",
							"/dsp/mute" : 0,
							"/dsp/mute/ramptime" : 50.0,
							"/dsp/bypass" : 0,
							"/dsp/bypass/ramptime" : 50.0,
							"/dsp/samplerate" : 48000.0,
							"/dsp/buffersize" : 2048,
							"/dsp/throttle" : -1,
							"/dsp/maxqueuesize" : -1,
							"/dsp/usurp" : 0,
							"/dsp/automute" : 1,
							"/dsp/automute/attack" : 20.0,
							"/dsp/latency" : 0,
							"/verbose" : "normal",
							"/verbose/timestamp" : 1
						}
 ],
					"early_and_cluster::cluster" : [ 						{
							"/channel/number" : 28,
							"/delays" : [ 107.061973571777344, 107.064369201660156, 107.212432861328125, 107.481956481933594, 107.509185791015625, 107.604515075683594, 107.724601745605469, 107.806068420410156, 108.100265502929688, 108.190269470214844, 108.443199157714844, 108.490013122558594, 108.7091064453125, 108.717826843261719, 108.719970703125, 108.874664306640625, 108.992034912109375, 109.057090759277344, 109.244895935058594, 109.266014099121094, 109.368637084960938, 109.513069152832031, 109.728157043457031, 109.871421813964844, 110.040130615234375, 110.158676147460938, 110.167121887207031, 110.349952697753906 ],
							"/interpolation/mode" : "nearest",
							"/interpolation/time" : 50.0,
							"/delay/mode" : "vdelay",
							"/dsp/mute" : 0,
							"/dsp/mute/ramptime" : 50.0,
							"/dsp/bypass" : 0,
							"/dsp/bypass/ramptime" : 50.0,
							"/dsp/drywet" : 100.0,
							"/dsp/samplerate" : 48000.0,
							"/dsp/buffersize" : 2048,
							"/dsp/throttle" : -1,
							"/dsp/maxqueuesize" : -1,
							"/dsp/usurp" : 0,
							"/dsp/automute" : 1,
							"/dsp/automute/attack" : 20.0,
							"/dsp/latency" : 0,
							"/verbose" : "normal",
							"/verbose/timestamp" : 1
						}
 ],
					"early_and_cluster::rev" : [ 						{
							"/channel/number" : 28,
							"/delays" : [ 73.969528198242188, 74.061286926269531, 79.736778259277344, 90.067665100097656, 91.111549377441406, 94.765609741210938, 99.368598937988281, 102.491310119628906, 113.767929077148438, 117.2177734375, 126.9127197265625, 128.707229614257812, 137.105148315429688, 137.43951416015625, 137.521713256835938, 143.451080322265625, 147.949951171875, 150.443527221679688, 157.642379760742188, 158.451828002929688, 162.385452270507812, 167.921615600585938, 176.166152954101562, 181.657485961914062, 188.124099731445312, 192.668182373046875, 192.991989135742188, 200.0 ],
							"/air" : 1,
							"/air/freq" : 5000.0,
							"/infinite" : 0,
							"/interpolation/mode" : "nearest",
							"/interpolation/time" : 30.0,
							"/decay/variation" : "smooth",
							"/tr0" : 7.331535339355469,
							"/trl" : 0.803526103496552,
							"/trm" : 1.0,
							"/trh" : 0.501187205314636,
							"/fl" : 250.0,
							"/fh" : 3000.0,
							"/dsp/mute" : 0,
							"/dsp/mute/ramptime" : 50.0,
							"/dsp/bypass" : 0,
							"/dsp/bypass/ramptime" : 50.0,
							"/dsp/drywet" : 100.0,
							"/dsp/samplerate" : 48000.0,
							"/dsp/buffersize" : 2048,
							"/dsp/throttle" : -1,
							"/dsp/maxqueuesize" : -1,
							"/dsp/usurp" : 0,
							"/dsp/automute" : 1,
							"/dsp/automute/attack" : 20.0,
							"/dsp/latency" : 0,
							"/verbose" : "normal",
							"/verbose/timestamp" : 1
						}
 ],
					"early_and_cluster::patcher::index" : [ "16 25 4 30 29 41 35 2 15 44 22 18 17 20 27 12 28 10 13 42 3 7 6 9 36 1 0 43 31 47 14 32 19 11 45 24 26 39 21 23 46 34 33 40 8 38 37 5" ],
					"patcher[1]::in-comp" : [ 						{
							"/attack" : 4.570000171661377,
							"/release" : 187.5,
							"/lookahead" : 0.0,
							"/compressor/threshold" : -24.0,
							"/compressor/ratio" : 2.0,
							"/expander/threshold" : -60.0,
							"/expander/ratio" : 1.0,
							"/makeup" : 0.0,
							"/link" : "link all",
							"/bypass" : 1,
							"/grid/visible" : 1,
							"/curve/fill" : 1,
							"/background/color" : [ 0.82745099067688, 0.82745099067688, 0.82745099067688, 1.0 ],
							"/foreground/color" : [ 0.164705887436867, 0.615686297416687, 0.647058844566345, 0.619607865810394 ],
							"/curve/color" : [ 0.18823529779911, 0.18823529779911, 0.713725507259369, 0.619607865810394 ],
							"/curve/thickness" : 1.0,
							"/grid/color" : [ 0.501960813999176, 0.501960813999176, 0.501960813999176, 1.0 ],
							"/title" : "",
							"/usurp" : 0,
							"/window/title" : "title",
							"/window/visible" : 0,
							"/window/moveable" : 1,
							"/window/resizable" : 1,
							"/window/enable" : 1,
							"/window/bounds" : [ 675, 361, 450, 450 ],
							"/window/background/color" : [ 0.82745099067688, 0.82745099067688, 0.82745099067688, 1.0 ],
							"/window/opaque" : 1,
							"/window/titlebar" : 1,
							"/window/fullscreen" : 0,
							"/window/minimise" : 0,
							"/window/scale" : 100.0,
							"/window/rendering/engine" : "",
							"/window/rendering/fps/visible" : 0,
							"/window/floating" : 0,
							"/window/hidesondeactivate" : 0,
							"/window/buttons/close" : 1,
							"/window/buttons/minimise" : 1,
							"/window/buttons/maximise" : 1
						}
 ]
				}

			}

		}

	}

}
