{
	"pattrstorage" : 	{
		"name" : "spat16",
		"slots" : 		{
			"1" : 			{
				"id" : 1,
				"data" : 				{
					"air" : [ 1.0 ],
					"air-freq" : [ 6141.732283464597458 ],
					"cluster-dist" : [ 50.0 ],
					"cluster-max" : [ 79.999999999999986 ],
					"cluster-min" : [ 30.0 ],
					"cluster-vol" : [ -6.59985683607734 ],
					"commentary" : [ "reverb" ],
					"digest_jsui" : [  ],
					"direct-vol" : [ -70.0 ],
					"early-dist" : [ 50.0 ],
					"early-max" : [ 34.999999999999993 ],
					"early-min[1]" : [ 12.000000000000002 ],
					"early-vol" : [ -24.931997136721559 ],
					"fh" : [ 8000.0 ],
					"fl" : [ 250.0 ],
					"in-vol" : [ -20.0 ],
					"inf" : [ 0.0 ],
					"rev-dist" : [ 45.669291338582731 ],
					"rev-max" : [ 559.086049060033815 ],
					"rev-min" : [ 125.330005646690111 ],
					"rev-vol" : [ -0.393700778484344 ],
					"tr0" : [ 9348.453139385892428 ],
					"trh" : [ -6.0 ],
					"trl" : [ -2.992125984252003 ],
					"trm" : [ 0.0 ],
					"rev" : [ 						{
							"/channel/number" : 64,
							"/delays" : [ 52.909999847412109, 52.910037994384766, 52.911525726318359, 52.932525634765625, 52.948295593261719, 53.030029296875, 53.092597961425781, 53.306224822998047, 53.469371795654297, 53.548900604248047, 53.742198944091797, 54.196365356445312, 54.606483459472656, 54.886466979980469, 55.481452941894531, 55.997486114501953, 56.669368743896484, 56.723480224609375, 57.103969573974609, 58.134727478027344, 59.349720001220703, 59.643516540527344, 60.717636108398438, 62.148223876953125, 62.349292755126953, 64.238182067871094, 66.24700927734375, 68.080551147460938, 70.49969482421875, 70.747207641601562, 70.85650634765625, 70.873039245605469, 71.341659545898438, 71.406906127929688, 71.870567321777344, 73.407691955566406, 75.597190856933594, 78.402969360351562, 80.2633056640625, 82.552223205566406, 82.690109252929688, 84.365119934082031, 87.702949523925781, 91.437217712402344, 93.574867248535156, 93.909263610839844, 97.872261047363281, 98.265586853027344, 100.285606384277344, 102.22216796875, 104.331939697265625, 106.878997802734375, 110.470870971679688, 113.516838073730469, 114.684829711914062, 117.841239929199219, 120.551628112792969, 121.226737976074219, 125.183822631835938, 127.100685119628906, 132.19207763671875, 132.89422607421875, 138.6329345703125, 141.093338012695312 ],
							"/air" : 1,
							"/air/freq" : 6062.9921875,
							"/infinite" : 0,
							"/interpolation/mode" : "nearest",
							"/interpolation/time" : 30.0,
							"/decay/variation" : "smooth",
							"/tr0" : 10.440135955810547,
							"/trl" : 1.233858227729797,
							"/trm" : 1.077952742576599,
							"/trh" : 0.96771651506424,
							"/fl" : 250.0,
							"/fh" : 8000.0,
							"/dsp/mute" : 0,
							"/dsp/mute/ramptime" : 50.0,
							"/dsp/bypass" : 0,
							"/dsp/bypass/ramptime" : 50.0,
							"/dsp/drywet" : 100.0,
							"/dsp/samplerate" : 48000.0,
							"/dsp/buffersize" : 256,
							"/dsp/throttle" : -1,
							"/dsp/maxqueuesize" : -1,
							"/dsp/usurp" : 0,
							"/dsp/automute" : 0,
							"/dsp/automute/attack" : 20.0,
							"/dsp/latency" : 0,
							"/verbose" : "normal",
							"/verbose/timestamp" : 1
						}
 ],
					"early_and_cluster::early" : [ 						{
							"/channel/number" : 64,
							"/numinputs" : 1,
							"/delays" : [ 51.099998474121094, 57.182975769042969, 57.481834411621094, 58.592594146728516, 59.289760589599609, 60.195625305175781, 62.429553985595703, 64.876052856445312, 65.396995544433594, 67.159027099609375, 68.986930847167969, 70.040252685546875, 71.760078430175781, 73.314651489257812, 74.024116516113281, 75.078582763671875, 75.13287353515625, 75.518913269042969, 75.881622314453125, 77.211357116699219, 77.465660095214844, 78.077789306640625, 79.180610656738281, 80.213798522949219, 81.427207946777344, 81.7861328125, 81.924880981445312, 82.768089294433594, 83.273208618164062, 83.805488586425781, 84.750144958496094, 85.702392578125, 86.067268371582031, 87.238883972167969, 87.793464660644531, 88.361541748046875, 89.102073669433594, 89.511848449707031, 89.74664306640625, 90.194259643554688, 90.574600219726562, 91.547103881835938, 92.161270141601562, 92.568412780761719, 93.286056518554688, 94.259376525878906, 94.661102294921875, 94.687507629394531, 95.108283996582031, 95.230262756347656, 95.569488525390625, 96.352745056152344, 96.554763793945312, 97.070640563964844, 97.567337036132812, 98.264144897460938, 98.579383850097656, 98.7640380859375, 99.363388061523438, 99.522346496582031, 100.218711853027344, 100.978057861328125, 101.094230651855469, 101.699996948242188 ],
							"/interpolation/mode" : "nearest",
							"/interpolation/time" : 30.0,
							"/delay/mode" : "vdelay",
							"/dsp/mute" : 0,
							"/dsp/mute/ramptime" : 50.0,
							"/dsp/bypass" : 0,
							"/dsp/bypass/ramptime" : 50.0,
							"/dsp/samplerate" : 48000.0,
							"/dsp/buffersize" : 256,
							"/dsp/throttle" : -1,
							"/dsp/maxqueuesize" : -1,
							"/dsp/usurp" : 0,
							"/dsp/automute" : 0,
							"/dsp/automute/attack" : 20.0,
							"/dsp/latency" : 0,
							"/verbose" : "normal",
							"/verbose/timestamp" : 1
						}
 ],
					"early_and_cluster::cluster" : [ 						{
							"/channel/number" : 64,
							"/delays" : [ 71.0, 94.402030944824219, 97.772392272949219, 100.040634155273438, 103.800506591796875, 104.485069274902344, 104.961654663085938, 109.448982238769531, 111.824661254882812, 111.849639892578125, 115.201148986816406, 117.87701416015625, 119.102859497070312, 121.172531127929688, 122.562454223632812, 125.01336669921875, 125.691322326660156, 127.804725646972656, 128.917236328125, 129.731735229492188, 130.48699951171875, 131.731796264648438, 132.89215087890625, 134.138565063476562, 134.377960205078125, 135.555816650390625, 136.639556884765625, 137.11383056640625, 138.502304077148438, 139.742172241210938, 140.391006469726562, 141.459579467773438, 142.012649536132812, 142.954879760742188, 144.269317626953125, 145.605270385742188, 145.667129516601562, 146.1290283203125, 146.189422607421875, 146.816986083984375, 147.567001342773438, 148.54736328125, 149.174224853515625, 149.6043701171875, 149.695465087890625, 150.8084716796875, 151.607894897460938, 152.035049438476562, 153.029266357421875, 154.002914428710938, 154.674530029296875, 155.131439208984375, 155.741500854492188, 156.620773315429688, 156.807693481445312, 157.274154663085938, 158.107803344726562, 158.711990356445312, 159.562911987304688, 160.334686279296875, 160.357955932617188, 160.915267944335938, 161.627227783203125, 162.0 ],
							"/interpolation/mode" : "nearest",
							"/interpolation/time" : 50.0,
							"/delay/mode" : "vdelay",
							"/dsp/mute" : 0,
							"/dsp/mute/ramptime" : 50.0,
							"/dsp/bypass" : 0,
							"/dsp/bypass/ramptime" : 50.0,
							"/dsp/drywet" : 100.0,
							"/dsp/samplerate" : 48000.0,
							"/dsp/buffersize" : 256,
							"/dsp/throttle" : -1,
							"/dsp/maxqueuesize" : -1,
							"/dsp/usurp" : 0,
							"/dsp/automute" : 0,
							"/dsp/automute/attack" : 20.0,
							"/dsp/latency" : 0,
							"/verbose" : "normal",
							"/verbose/timestamp" : 1
						}
 ],
					"patcher::in-paraeq" : [ 						{
							"/channel/number" : 1,
							"/channel/1/equalizer/bypass" : 1,
							"/channel/1/equalizer/gain" : 0.0,
							"/channel/1/equalizer/filter/1/active" : 0,
							"/channel/1/equalizer/filter/1/freq" : 50.0,
							"/channel/1/equalizer/filter/1/order" : 2,
							"/channel/1/equalizer/filter/2/active" : 1,
							"/channel/1/equalizer/filter/2/freq" : 100.0,
							"/channel/1/equalizer/filter/2/gain" : 0.0,
							"/channel/1/equalizer/filter/2/q" : 1.0,
							"/channel/1/equalizer/filter/3/active" : 1,
							"/channel/1/equalizer/filter/3/freq" : 500.0,
							"/channel/1/equalizer/filter/3/gain" : 0.0,
							"/channel/1/equalizer/filter/3/q" : 1.0,
							"/channel/1/equalizer/filter/4/active" : 1,
							"/channel/1/equalizer/filter/4/freq" : 1000.0,
							"/channel/1/equalizer/filter/4/gain" : 0.0,