{
	"pattrstorage" : 	{
		"name" : "blp",
		"slots" : 		{
			"1" : 			{
				"id" : 1,
				"data" : 				{
					"pit" : [ 0.0 ],
					"play-mode" : [ 0.0 ],
					"voices" : [ 8.0 ],
					"selstart" : [ 91685.395833333328483 ],
					"seldur" : [ 107.3125 ],
					"fin" : [ 95.799750808552616 ],
					"fout" : [ 95.799752398436084 ],
					"tab-names" : [ 0 ],
					"crossfade" : [ 1.0 ],
					"gain" : [ 0.0 ],
					"start0" : [ 1.0 ],
					"vol" : [ -4.686225865602424 ],
					"limi-on" : [ 0.0 ],
					"thresh" : [ -1.0 ],
					"preset-text" : [ "the wedding  1" ],
					"LBH-filter::BG" : [ 0.000000000000004 ],
					"LBH-filter::HG" : [ -6.855445672176831 ],
					"LBH-filter::LG" : [ -9.521979043958124 ],
					"LBH-filter::BF" : [ 15032.440068149957369 ],
					"LBH-filter::HF" : [ 1969.091902159752181 ],
					"LBH-filter::LF" : [ 503.094470360380569 ],
					"LBH-filter::BQ" : [ 0.279020944096741 ],
					"LBH-filter::HQ" : [ 1.204739885070324 ],
					"LBH-filter::LQ" : [ 0.776191903564911 ],
					"xmod8::mc-fader8" : [ 1.0, 1.0, 1.0, 1.0, 1.0, 1.0, 1.0, 1.0 ],
					"xmod8::mod-on" : [ 1.0 ],
					"xmod8::mod-range" : [ 27.666667189514428 ],
					"xmod8::number" : [ 0.0 ],
					"xmod8::number[1]" : [ 0.0 ],
					"xmod8::sr-mix" : [ 29.133858267716572 ],
					"xmod8::mc.opx1a::numdev1" : [ 0.33 ],
					"xmod8::mc.opx1a::numdev2" : [ 0.017 ],
					"xmod8::mc.opx1a::numexp1" : [ 0.01 ],
					"xmod8::mc.opx1a::numexp2" : [ 0.0 ],
					"xmod8::mc.opx1a::numharm1" : [ 0.01 ],
					"xmod8::mc.opx1a::numharm2" : [ 0.0 ],
					"xmod8::mc.opx1a::numinc1" : [ 0.027 ],
					"xmod8::mc.opx1a::numinc2" : [ 0.034 ],
					"xmod8::mc.opx1a::numscalexp1" : [ 0.01 ],
					"xmod8::mc.opx1a::numscalexp2" : [ 0.0 ],
					"xmod8::mc.opx1a::numspread1" : [ 0.01 ],
					"xmod8::mc.opx1a::numspread2" : [ 0.0 ],
					"xmod8::mc.opx1a::numsubharm1" : [ 0.01 ],
					"xmod8::mc.opx1a::numsubharm2" : [ 0.0 ],
					"xmod8::mc.opx1a::operator" : [ 1 ],
					"volenv12::amt" : [ 100.0 ],
					"volenv12::amt[10]" : [ 100.0 ],
					"volenv12::amt[11]" : [ 100.0 ],
					"volenv12::amt[12]" : [ 100.0 ],
					"volenv12::amt[1]" : [ 100.0 ],
					"volenv12::amt[2]" : [ 100.0 ],
					"volenv12::amt[3]" : [ 100.0 ],
					"volenv12::amt[4]" : [ 100.0 ],
					"volenv12::amt[5]" : [ 100.0 ],
					"volenv12::amt[6]" : [ 100.0 ],
					"volenv12::amt[7]" : [ 100.0 ],
					"volenv12::amt[8]" : [ 100.0 ],
					"volenv12::amt[9]" : [ 100.0 ],
					"volenv12::env-name" : [ 5 ],
					"volenv12::lin-curv" : [ 1.0 ],
					"volenv12::live.button" : [ 0.0 ],
					"volenv12::maxval" : [ 20.0 ],
					"volenv12::maxval[10]" : [ 20.0 ],
					"volenv12::maxval[11]" : [ 1.0 ],
					"volenv12::maxval[12]" : [ 100.0 ],
					"volenv12::maxval[1]" : [ 20.0 ],
					"volenv12::maxval[2]" : [ 10.0 ],
					"volenv12::maxval[3]" : [ 1200.0 ],
					"volenv12::maxval[4]" : [ 100.0 ],
					"volenv12::maxval[5]" : [ 20.0 ],
					"volenv12::maxval[6]" : [ 1.0 ],
					"volenv12::maxval[7]" : [ 15.0 ],
					"volenv12::maxval[8]" : [ 10.0 ],
					"volenv12::maxval[9]" : [ 1.0 ],
					"volenv12::minval" : [ -20.0 ],
					"volenv12::minval[10]" : [ -20.0 ],
					"volenv12::minval[11]" : [ -1.0 ],
					"volenv12::minval[12]" : [ -100.0 ],
					"volenv12::minval[1]" : [ 0.0 ],
					"volenv12::minval[2]" : [ 0.0 ],
					"volenv12::minval[3]" : [ -1200.0 ],
					"volenv12::minval[4]" : [ -100.0 ],
					"volenv12::minval[5]" : [ -20.0 ],
					"volenv12::minval[6]" : [ -1.0 ],
					"volenv12::minval[7]" : [ -15.0 ],
					"volenv12::minval[8]" : [ -10.0 ],
					"volenv12::minval[9]" : [ -1.0 ],
					"volenv12::volenv" : [ 100.0, -20.0, 20.0, 0.0, -20.0, 0, 0.0, 2.904564315352697, 0.0, 0, 0.0, 50.0, 0.0, 0, 0.0, 95.435684647302907, 2.439024390243901, 0, 0.0, 100.0, -20.0, 0, 0.0, "curve" ],
					"volenv12::volenv[10]" : [ 100.0, -20.0, 20.0, 0.0, 0.0, 0, 0.0, 50.0, 0.0, 0, 0.0, 100.0, 0.0, 0, 0.0, "curve" ],
					"volenv12::volenv[11]" : [ 100.0, -1.0, 1.0, 0.0, 0.0, 0, 0.0, 50.0, 0.0, 0, 0.0, 100.0, 0.0, 0, 0.0, "curve" ],
					"volenv12::volenv[12]" : [ 100.0, -100.0, 100.0, 0.0, 0.0, 0, 0.0, 50.0, 0.0, 0, 0.0, 100.0, 0.0, 0, 0.0, "curve" ],
					"volenv12::volenv[1]" : [ 100.0, 0.0, 20.0, 0.0, 0.0, 0, 0.0, 29.045643153526971, 0.975609756097561, 0, 0.5, 100.0, 19.756097560975611, 0, 0.65, "curve" ],
					"volenv12::volenv[2]" : [ 100.0, 0.0, 10.0, 0.0, 0.0, 0, 0.0, 49.792531120331951, 9.390243902439025, 0, 0.75, 100.0, 0.0, 0, 0.6, "curve" ],
					"volenv12::volenv[3]" : [ 100.0, -1200.0, 1200.0, 0.0, 0.0, 0, 0.0, 50.0, 0.0, 0, 0.0, 100.0, 0.0, 0, 0.0, "curve" ],
					"volenv12::volenv[4]" : [ 100.0, -100.0, 100.0, 0.0, 0.0, 0, 0.0, 58.091286307053942, 43.902439024390247, 0, 0.65, 62.655601659751035, -39.024390243902438, 0, 0.0, 66.804979253112037, 87.804878048780495, 0, 0.0, 86.721991701244818, 39.024390243902445, 0, 0.0, 94.60580912863071, -100.0, 0, 0.0, 100.0, 0.0, 0, 0.0, "curve" ],
					"volenv12::volenv[5]" : [ 100.0, -20.0, 20.0, 0.0, 0.0, 0, 0.0, 50.0, -12.195121951219512, 0, 0.55, 100.0, 0.0, 0, -0.3, "curve" ],
					"volenv12::volenv[6]" : [ 100.0, -1.0, 1.0, 0.0, 0.0, 0, 0.0, 50.0, 0.0, 0, 0.0, 100.0, 0.0, 0, 0.0, "curve" ],
					"volenv12::volenv[7]" : [ 100.0, -15.0, 15.0, 0.0, 0.0, 0, 0.0, 50.0, 0.0, 0, 0.0, 100.0, 0.0, 0, 0.0, "curve" ],
					"volenv12::volenv[8]" : [ 100.0, -10.0, 10.0, 0.0, 7.317073170731707, 0, 0.0, 50.0, 0.0, 0, 0.0, 100.0, 0.0, 0, 0.0, "curve" ],
					"volenv12::volenv[9]" : [ 100.0, -1.0, 1.0, 0.0, 0.0, 0, 0.0, 50.0, 0.0, 0, 0.0, 100.0, 0.0, 0, 0.0, "curve" ],
					"disp::displ-len" : [ 77987.895833333328483 ],
					"disp::displ-start" : [ 47438.875 ],
					"det-pos-mod::numdev1" : [ 302.0 ],
					"det-pos-mod::numdev1[1]" : [ 647.0 ],
					"det-pos-mod::numdev1[2]" : [ 0.091 ],
					"det-pos-mod::numdev1[3]" : [ 0.224 ],
					"det-pos-mod::op-pit" : [ 0.0 ],
					"det-pos-mod::op-pos" : [ 1.0 ],
					"det-pos-mod::op-pos[1]" : [ 0.0 ],
					"det-pos-mod::pit-envsw" : [ 1.0 ],
					"det-pos-mod::pitmode" : [ 0.0 ],
					"det-pos-mod::pos-envsw" : [ 0.0 ],
					"det-pos-mod::umenu[1]" : [ "CircExpMorphA.wav" ],
					"patcher::bp88-chmx::ch-matrix" : [ 0, 0, 1.0, 1, 1, 1.0, 2, 2, 1.0, 3, 3, 1.0, 4, 4, 1.0, 5, 5, 1.0, 6, 6, 1.0, 7, 7, 1.0 ],
					"patcher::bp88-chmx::dial-mode" : [ 0.0 ],
					"engine::pmode-scrambl::dir-pattern" : [ "1 1 1 1 1 1 1 1" ]
				}

			}

		}

	}

}
