{
	"pattrstorage" : 	{
		"name" : "blp",
		"slots" : 		{
			"1" : 			{
				"id" : 1,
				"data" : 				{
					"crossfade" : [ 1.0 ],
					"fin" : [ 95.799750808552616 ],
					"fout" : [ 95.799752398436084 ],
					"gain" : [ 15.0 ],
					"limi-on" : [ 0.0 ],
					"pit" : [ 0.0 ],
					"play-mode" : [ 0.0 ],
					"preset-text" : [ "BillFontana2" ],
					"seldur" : [ 36158.708333333328483 ],
					"selstart" : [ 69249.833333333328483 ],
					"start0" : [ 1.0 ],
					"tab-names" : [ 2 ],
					"thresh" : [ -1.0 ],
					"voices" : [ 8.0 ],
					"read::technical-READ::bp8-chmatrix::ch-matrix" : [ 0, 0, 1.0, 1, 1, 1.0, 2, 1, 1.0, 3, 2, 1.0, 4, 2, 1.0, 5, 3, 1.0, 6, 3, 1.0, 7, 4, 1.0, 8, 4, 1.0, 9, 5, 1.0, 10, 5, 1.0, 11, 6, 1.0, 12, 6, 1.0, 13, 7, 1.0, 14, 7, 1.0, 15, 0, 1.0 ],
					"read::technical-READ::bp8-chmatrix::dial-mode" : [ 0.0 ],
					"LBH-filter::BF" : [ 1200.0 ],
					"LBH-filter::BG" : [ 0.000000000000004 ],
					"LBH-filter::BQ" : [ 1.0 ],
					"LBH-filter::HF" : [ 3200.0 ],
					"LBH-filter::HG" : [ 0.000000000000004 ],
					"LBH-filter::HQ" : [ 1.0 ],
					"LBH-filter::LF" : [ 167.413504789507613 ],
					"LBH-filter::LG" : [ -20.0 ],
					"LBH-filter::LQ" : [ 1.173767698716501 ],
					"xmod8::mc-fader8" : [ 1.0, 1.0, 1.0, 1.0, 1.0, 1.0, 1.0, 1.0 ],
					"xmod8::mod-on" : [ 1.0 ],
					"xmod8::rslider" : [ 73, 99 ],
					"xmod8::sr-mix" : [ 11.811023622047289 ],
					"xmod8::mc.opx1a::numdev1" : [ 0.33 ],
					"xmod8::mc.opx1a::numdev2" : [ 0.017 ],
					"xmod8::mc.opx1a::numexp1" : [ 0.01 ],
					"xmod8::mc.opx1a::numexp2" : [ 0.0 ],
					"xmod8::mc.opx1a::numharm1" : [ 0.01 ],
					"xmod8::mc.opx1a::numharm2" : [ 0.0 ],
					"xmod8::mc.opx1a::numinc1" : [ 0.025 ],
					"xmod8::mc.opx1a::numinc2" : [ 0.03 ],
					"xmod8::mc.opx1a::numscalexp1" : [ 0.01 ],
					"xmod8::mc.opx1a::numscalexp2" : [ 0.0 ],
					"xmod8::mc.opx1a::numspread1" : [ 0.01 ],
					"xmod8::mc.opx1a::numspread2" : [ 0.0 ],
					"xmod8::mc.opx1a::numsubharm1" : [ 0.01 ],
					"xmod8::mc.opx1a::numsubharm2" : [ 0.0 ],
					"xmod8::mc.opx1a::operator" : [ 1 ],
					"volenv12::amt" : [ 100.0 ],
					"volenv12::amt[10]" : [ 100.0 ],
					"volenv12::amt[11]" : [ 100.0 ],
					"volenv12::amt[12]" : [ 100.0 ],
					"volenv12::amt[1]" : [ 100.0 ],
					"volenv12::amt[2]" : [ 100.0 ],
					"volenv12::amt[3]" : [ 100.0 ],
					"volenv12::amt[4]" : [ 100.0 ],
					"volenv12::amt[5]" : [ 100.0 ],
					"volenv12::amt[6]" : [ 100.0 ],
					"volenv12::amt[7]" : [ 100.0 ],
					"volenv12::amt[8]" : [ 100.0 ],
					"volenv12::amt[9]" : [ 100.0 ],
					"volenv12::env-name" : [ 0 ],
					"volenv12::lin-curv" : [ 1.0 ],
					"volenv12::live.button" : [ 0.0 ],
					"volenv12::maxval" : [ 20.0 ],
					"volenv12::maxval[10]" : [ 20.0 ],
					"volenv12::maxval[11]" : [ 1.0 ],
					"volenv12::maxval[12]" : [ 100.0 ],
					"volenv12::maxval[1]" : [ 2.0 ],
					"volenv12::maxval[2]" : [ 10.0 ],
					"volenv12::maxval[3]" : [ 1200.0 ],
					"volenv12::maxval[4]" : [ 100.0 ],
					"volenv12::maxval[5]" : [ 20.0 ],
					"volenv12::maxval[6]" : [ 1.0 ],
					"volenv12::maxval[7]" : [ 15.0 ],
					"volenv12::maxval[8]" : [ 10.0 ],
					"volenv12::maxval[9]" : [ 1.0 ],
					"volenv12::minval" : [ -20.0 ],
					"volenv12::minval[10]" : [ -20.0 ],
					"volenv12::minval[11]" : [ -1.0 ],
					"volenv12::minval[12]" : [ -100.0 ],
					"volenv12::minval[1]" : [ -2.0 ],
					"volenv12::minval[2]" : [ 0.0 ],
					"volenv12::minval[3]" : [ -1200.0 ],
					"volenv12::minval[4]" : [ -100.0 ],
					"volenv12::minval[5]" : [ -20.0 ],
					"volenv12::minval[6]" : [ -1.0 ],
					"volenv12::minval[7]" : [ -15.0 ],
					"volenv12::minval[8]" : [ -10.0 ],
					"volenv12::minval[9]" : [ -1.0 ],
					"volenv12::volenv" : [ 100.0, -20.0, 20.0, 0.0, -20.0, 0, 39.419087136929456, 1.951219512195124, 0, 49.792531120331951, -17.073170731707318, 0, 60.373443983402495, 2.926829268292682, 0, 100.0, -20.0, 0, "linear" ],
					"volenv12::volenv[10]" : [ 100.0, -20.0, 20.0, 0.0, 0.0, 0, 50.0, 0.0, 0, 100.0, 0.0, 0, "linear" ],
					"volenv12::volenv[11]" : [ 100.0, -1.0, 1.0, 0.0, 0.0, 0, 50.0, 0.0, 0, 100.0, 0.0, 0, "linear" ],
					"volenv12::volenv[12]" : [ 100.0, -100.0, 100.0, 0.0, 0.0, 0, 50.0, 0.0, 0, 100.0, 0.0, 0, "linear" ],
					"volenv12::volenv[1]" : [ 100.0, -2.0, 2.0, 0.0, 0.0, 0, 50.0, 0.0, 0, 100.0, 0.0, 0, "linear" ],
					"volenv12::volenv[2]" : [ 100.0, 0.0, 10.0, 0.0, 0.0, 0, 0.0, 10.0, 0, 49.792531120331951, 3.902439024390244, 0, 100.0, 10.0, 0, "linear" ],
					"volenv12::volenv[3]" : [ 100.0, -1200.0, 1200.0, 0.0, 0.0, 0, 49.792531120331951, 146.341463414634063, 0, 100.0, 0.0, 0, "linear" ],
					"volenv12::volenv[4]" : [ 100.0, -100.0, 100.0, 0.0, 0.0, 0, 50.0, 0.0, 0, 100.0, 0.0, 0, "linear" ],
					"volenv12::volenv[5]" : [ 100.0, -20.0, 20.0, 0.0, 0.0, 0, 50.0, 0.0, 0, 100.0, 0.0, 0, "linear" ],
					"volenv12::volenv[6]" : [ 100.0, -1.0, 1.0, 0.0, 0.0, 0, 50.0, 0.0, 0, 100.0, 0.0, 0, "linear" ],
					"volenv12::volenv[7]" : [ 100.0, -15.0, 15.0, 0.0, 0.0, 0, 50.0, 0.0, 0, 100.0, 0.0, 0, "linear" ],
					"volenv12::volenv[8]" : [ 100.0, -10.0, 10.0, 0.0, 0.0, 0, 50.0, 0.0, 0, 100.0, 0.0, 0, "linear" ],
					"volenv12::volenv[9]" : [ 100.0, -1.0, 1.0, 0.0, 0.0, 0, 50.0, 0.0, 0, 100.0, 0.0, 0, "linear" ],
					"disp::displ-len" : [ 43626.166666666664241 ],
					"disp::displ-start" : [ 64540.729166666664241 ],
					"det-pos-mod::numdev1" : [ 30.0 ],
					"det-pos-mod::numdev1[1]" : [ 26.0 ],
					"det-pos-mod::numdev1[2]" : [ 0.005 ],
					"det-pos-mod::numdev1[3]" : [ 0.05 ],
					"det-pos-mod::op-pit" : [ 0.0 ],
					"det-pos-mod::op-pos" : [ 1.0 ],
					"det-pos-mod::op-pos[1]" : [ 0.0 ],
					"det-pos-mod::pit-envsw" : [ 0.0 ],
					"det-pos-mod::pitmode" : [ 0.0 ],
					"det-pos-mod::pos-envsw" : [ 0.0 ],
					"det-pos-mod::umenu[1]" : [ "00sin.wav" ],
					"engine::pmode-scrambl::dir-pattern" : [ "0 0 0 0 0 0 0 0" ]
				}

			}

		}

	}

}
